"{"BSSID":"b8:a3:86:0f:4a:32","HexSSID":"0x526f7374656c65636f6d313937","SSID":"Rostelecom197","capabilities":"[WPA-PSK-CCMP+TKIP][WPA2-PSK-CCMP+TKIP][ESS]","distanceCm":-1,"distanceSdCm":-1,"frequency":2437,"level":-85,"timestamp":1463190868.555,"tsf":50063447658,"wifiSsid":{"SSID":"Rostelecom197","asciiBytes":13,"octets":{"buf":[82,111,115,116,101,108,101,99,111,109,49,57,55,0,0,0,0,0,0,0,0,0,0,0,0,0,0,0,0,0,0,0],"count":13}}}"
"{"BSSID":"00:15:6d:4a:3f:6b","HexSSID":"0x4457462d43484b3232","SSID":"DWF-CHK22","capabilities":"[WPA2-PSK-CCMP][ESS]","distanceCm":-1,"distanceSdCm":-1,"frequency":2412,"level":-73,"timestamp":1463190868.56,"tsf":50063449524,"wifiSsid":{"SSID":"DWF-CHK22","asciiBytes":9,"octets":{"buf":[68,87,70,45,67,72,75,50,50,0,0,0,0,0,0,0,0,0,0,0,0,0,0,0,0,0,0,0,0,0,0,0],"count":9}}}"
"{"BSSID":"c8:60:00:92:35:7e","HexSSID":"0x5a65616c6f74363636484853","SSID":"Zealot666HHS","capabilities":"[WPA2-PSK-CCMP][WPS][ESS]","distanceCm":-1,"distanceSdCm":-1,"frequency":2437,"level":-73,"timestamp":1463190868.563,"tsf":50063450354,"wifiSsid":{"SSID":"Zealot666HHS","asciiBytes":12,"octets":{"buf":[90,101,97,108,111,116,54,54,54,72,72,83,0,0,0,0,0,0,0,0,0,0,0,0,0,0,0,0,0,0,0,0],"count":12}}}"
"{"BSSID":"96:a9:e3:00:df:58","HexSSID":"0x6d6178696d","SSID":"maxim","capabilities":"[WPA2-PSK-CCMP][WPS][ESS]","distanceCm":-1,"distanceSdCm":-1,"frequency":2462,"level":-91,"timestamp":1463190868.571,"tsf":50063451352,"wifiSsid":{"SSID":"maxim","asciiBytes":5,"octets":{"buf":[109,97,120,105,109,0,0,0,0,0,0,0,0,0,0,0,0,0,0,0,0,0,0,0,0,0,0,0,0,0,0,0],"count":5}}}"
"{"BSSID":"84:74:2b:28:be:7b","HexSSID":"0x576946692d444f4d2e52552d32323234","SSID":"WiFi-DOM.RU-2224","capabilities":"[WPA-PSK-CCMP+TKIP][WPA2-PSK-CCMP+TKIP][ESS]","distanceCm":-1,"distanceSdCm":-1,"frequency":2417,"level":-76,"timestamp":1463190868.575,"tsf":50063451921,"wifiSsid":{"SSID":"WiFi-DOM.RU-2224","asciiBytes":16,"octets":{"buf":[87,105,70,105,45,68,79,77,46,82,85,45,50,50,50,52,0,0,0,0,0,0,0,0,0,0,0,0,0,0,0,0],"count":16}}}"
"{"BSSID":"c4:6e:1f:d5:9e:48","HexSSID":"0x73656d7961","SSID":"semya","capabilities":"[WPA2-PSK-TKIP][WPS][ESS]","distanceCm":-1,"distanceSdCm":-1,"frequency":2422,"level":-79,"timestamp":1463190868.579,"tsf":50063453155,"wifiSsid":{"SSID":"semya","asciiBytes":5,"octets":{"buf":[115,101,109,121,97,0,0,0,0,0,0,0,0,0,0,0,0,0,0,0,0,0,0,0,0,0,0,0,0,0,0,0],"count":5}}}"
"{"BSSID":"ac:f1:df:21:89:a2","HexSSID":"0x576946692d444f4d2e72752d32313733","SSID":"WiFi-DOM.ru-2173","capabilities":"[WPA2-PSK-CCMP][ESS]","distanceCm":-1,"distanceSdCm":-1,"frequency":2457,"level":-84,"timestamp":1463190868.583,"tsf":50063453745,"wifiSsid":{"SSID":"WiFi-DOM.ru-2173","asciiBytes":16,"octets":{"buf":[87,105,70,105,45,68,79,77,46,114,117,45,50,49,55,51,0,0,0,0,0,0,0,0,0,0,0,0,0,0,0,0],"count":16}}}"
"{"BSSID":"ac:f1:df:21:89:b6","HexSSID":"0x576946692d444f4d2e72752d35323432","SSID":"WiFi-DOM.ru-5242","capabilities":"[WPA2-PSK-CCMP][ESS]","distanceCm":-1,"distanceSdCm":-1,"frequency":2452,"level":-87,"timestamp":1463190868.584,"tsf":50063454962,"wifiSsid":{"SSID":"WiFi-DOM.ru-5242","asciiBytes":16,"octets":{"buf":[87,105,70,105,45,68,79,77,46,114,117,45,53,50,52,50,0,0,0,0,0,0,0,0,0,0,0,0,0,0,0,0],"count":16}}}"
"{"BSSID":"00:15:6d:4a:3f:6b","HexSSID":"0x4457462d43484b3232","SSID":"DWF-CHK22","capabilities":"[WPA2-PSK-CCMP][ESS]","distanceCm":-1,"distanceSdCm":-1,"frequency":2412,"level":-68,"timestamp":1463190908.64,"tsf":50103440092,"wifiSsid":{"SSID":"DWF-CHK22","asciiBytes":9,"octets":{"buf":[68,87,70,45,67,72,75,50,50,0,0,0,0,0,0,0,0,0,0,0,0,0,0,0,0,0,0,0,0,0,0,0],"count":9}}}"
"{"BSSID":"c8:60:00:92:35:7e","HexSSID":"0x5a65616c6f74363636484853","SSID":"Zealot666HHS","capabilities":"[WPA2-PSK-CCMP][WPS][ESS]","distanceCm":-1,"distanceSdCm":-1,"frequency":2437,"level":-73,"timestamp":1463190908.641,"tsf":50103441025,"wifiSsid":{"SSID":"Zealot666HHS","asciiBytes":12,"octets":{"buf":[90,101,97,108,111,116,54,54,54,72,72,83,0,0,0,0,0,0,0,0,0,0,0,0,0,0,0,0,0,0,0,0],"count":12}}}"
"{"BSSID":"84:74:2b:28:be:7b","HexSSID":"0x576946692d444f4d2e52552d32323234","SSID":"WiFi-DOM.RU-2224","capabilities":"[WPA-PSK-CCMP+TKIP][WPA2-PSK-CCMP+TKIP][ESS]","distanceCm":-1,"distanceSdCm":-1,"frequency":2417,"level":-76,"timestamp":1463190908.645,"tsf":50103441932,"wifiSsid":{"SSID":"WiFi-DOM.RU-2224","asciiBytes":16,"octets":{"buf":[87,105,70,105,45,68,79,77,46,82,85,45,50,50,50,52,0,0,0,0,0,0,0,0,0,0,0,0,0,0,0,0],"count":16}}}"
"{"BSSID":"c4:6e:1f:d5:9e:48","HexSSID":"0x73656d7961","SSID":"semya","capabilities":"[WPA2-PSK-TKIP][WPS][ESS]","distanceCm":-1,"distanceSdCm":-1,"frequency":2422,"level":-88,"timestamp":1463190908.647,"tsf":50103443052,"wifiSsid":{"SSID":"semya","asciiBytes":5,"octets":{"buf":[115,101,109,121,97,0,0,0,0,0,0,0,0,0,0,0,0,0,0,0,0,0,0,0,0,0,0,0,0,0,0,0],"count":5}}}"
"{"BSSID":"ac:f1:df:21:89:a2","HexSSID":"0x576946692d444f4d2e72752d32313733","SSID":"WiFi-DOM.ru-2173","capabilities":"[WPA2-PSK-CCMP][ESS]","distanceCm":-1,"distanceSdCm":-1,"frequency":2457,"level":-84,"timestamp":1463190908.649,"tsf":50103443661,"wifiSsid":{"SSID":"WiFi-DOM.ru-2173","asciiBytes":16,"octets":{"buf":[87,105,70,105,45,68,79,77,46,114,117,45,50,49,55,51,0,0,0,0,0,0,0,0,0,0,0,0,0,0,0,0],"count":16}}}"
"{"BSSID":"ac:f1:df:21:89:b6","HexSSID":"0x576946692d444f4d2e72752d35323432","SSID":"WiFi-DOM.ru-5242","capabilities":"[WPA2-PSK-CCMP][ESS]","distanceCm":-1,"distanceSdCm":-1,"frequency":2452,"level":-87,"timestamp":1463190908.651,"tsf":50103446145,"wifiSsid":{"SSID":"WiFi-DOM.ru-5242","asciiBytes":16,"octets":{"buf":[87,105,70,105,45,68,79,77,46,114,117,45,53,50,52,50,0,0,0,0,0,0,0,0,0,0,0,0,0,0,0,0],"count":16}}}"
"{"BSSID":"00:90:4c:08:00:0d","HexSSID":"0x5374726f69","SSID":"Stroi","capabilities":"[WPA-PSK-CCMP][WPA2-PSK-CCMP][ESS]","distanceCm":-1,"distanceSdCm":-1,"frequency":2447,"level":-77,"timestamp":1463190908.653,"tsf":50103447286,"wifiSsid":{"SSID":"Stroi","asciiBytes":5,"octets":{"buf":[83,116,114,111,105,0,0,0,0,0,0,0,0,0,0,0,0,0,0,0,0,0,0,0,0,0,0,0,0,0,0,0],"count":5}}}"
"{"BSSID":"e8:fc:af:ba:ce:e3","HexSSID":"0x576946692d444f4d2e72752d30383231","SSID":"WiFi-DOM.ru-0821","capabilities":"[WPA-PSK-CCMP+TKIP][WPA2-PSK-CCMP+TKIP][WPS][ESS]","distanceCm":-1,"distanceSdCm":-1,"frequency":2412,"level":-78,"timestamp":1463190908.654,"tsf":50103447985,"wifiSsid":{"SSID":"WiFi-DOM.ru-0821","asciiBytes":16,"octets":{"buf":[87,105,70,105,45,68,79,77,46,114,117,45,48,56,50,49,0,0,0,0,0,0,0,0,0,0,0,0,0,0,0,0],"count":16}}}"
"{"BSSID":"28:c6:8e:64:47:78","HexSSID":"0x576946692d444f4d2e72752d30333235","SSID":"WiFi-DOM.ru-0325","capabilities":"[WPA-PSK-CCMP+TKIP][WPA2-PSK-CCMP+TKIP][ESS]","distanceCm":-1,"distanceSdCm":-1,"frequency":2437,"level":-80,"timestamp":1463190908.655,"tsf":50103449818,"wifiSsid":{"SSID":"WiFi-DOM.ru-0325","asciiBytes":16,"octets":{"buf":[87,105,70,105,45,68,79,77,46,114,117,45,48,51,50,53,0,0,0,0,0,0,0,0,0,0,0,0,0,0,0,0],"count":16}}}"
"{"BSSID":"00:15:6d:3e:f0:6c","HexSSID":"0x42656c3430","SSID":"Bel40","capabilities":"[WPA2-PSK-CCMP][ESS]","distanceCm":-1,"distanceSdCm":-1,"frequency":2412,"level":-80,"timestamp":1463190908.662,"tsf":50103450938,"wifiSsid":{"SSID":"Bel40","asciiBytes":5,"octets":{"buf":[66,101,108,52,48,0,0,0,0,0,0,0,0,0,0,0,0,0,0,0,0,0,0,0,0,0,0,0,0,0,0,0],"count":5}}}"
"{"BSSID":"c0:4a:00:5f:a3:0e","HexSSID":"0x54502d4c494e4b2d66726565","SSID":"TP-LINK-free","capabilities":"[WPA-PSK-CCMP][WPA2-PSK-CCMP][ESS]","distanceCm":-1,"distanceSdCm":-1,"frequency":2427,"level":-83,"timestamp":1463190908.667,"tsf":50103451708,"wifiSsid":{"SSID":"TP-LINK-free","asciiBytes":12,"octets":{"buf":[84,80,45,76,73,78,75,45,102,114,101,101,0,0,0,0,0,0,0,0,0,0,0,0,0,0,0,0,0,0,0,0],"count":12}}}"
"{"BSSID":"14:a9:e3:00:e6:c4","HexSSID":"0x4265656c696e6536","SSID":"Beeline6","capabilities":"[WPA-PSK-CCMP+TKIP][WPA2-PSK-CCMP+TKIP][WPS][ESS]","distanceCm":-1,"distanceSdCm":-1,"frequency":2412,"level":-83,"timestamp":1463190908.674,"tsf":50103452758,"wifiSsid":{"SSID":"Beeline6","asciiBytes":8,"octets":{"buf":[66,101,101,108,105,110,101,54,0,0,0,0,0,0,0,0,0,0,0,0,0,0,0,0,0,0,0,0,0,0,0,0],"count":8}}}"
"{"BSSID":"44:e9:dd:da:ec:4e","HexSSID":"0x524f5354454c45434f4d5f45433445","SSID":"ROSTELECOM_EC4E","capabilities":"[WPA-PSK-CCMP+TKIP][WPA2-PSK-CCMP+TKIP][ESS]","distanceCm":-1,"distanceSdCm":-1,"frequency":2452,"level":-83,"timestamp":1463190908.675,"tsf":50103453539,"wifiSsid":{"SSID":"ROSTELECOM_EC4E","asciiBytes":15,"octets":{"buf":[82,79,83,84,69,76,69,67,79,77,95,69,67,52,69,0,0,0,0,0,0,0,0,0,0,0,0,0,0,0,0,0],"count":15}}}"
"{"BSSID":"e0:46:9a:59:be:4e","HexSSID":"0x576946692d444f4d2e52552d31323333","SSID":"WiFi-DOM.RU-1233","capabilities":"[WPA2-PSK-CCMP][ESS]","distanceCm":-1,"distanceSdCm":-1,"frequency":2417,"level":-85,"timestamp":1463190908.676,"tsf":50103454586,"wifiSsid":{"SSID":"WiFi-DOM.RU-1233","asciiBytes":16,"octets":{"buf":[87,105,70,105,45,68,79,77,46,82,85,45,49,50,51,51,0,0,0,0,0,0,0,0,0,0,0,0,0,0,0,0],"count":16}}}"
"{"BSSID":"30:b5:c2:69:b0:da","HexSSID":"0x696e7465682a32303135","SSID":"inteh*2015","capabilities":"[WPA-PSK-CCMP+TKIP][WPA2-PSK-CCMP+TKIP][WPS][ESS]","distanceCm":-1,"distanceSdCm":-1,"frequency":2462,"level":-85,"timestamp":1463190908.676,"tsf":50103455866,"wifiSsid":{"SSID":"inteh*2015","asciiBytes":10,"octets":{"buf":[105,110,116,101,104,42,50,48,49,53,0,0,0,0,0,0,0,0,0,0,0,0,0,0,0,0,0,0,0,0,0,0],"count":10}}}"
"{"BSSID":"d8:5d:4c:f4:25:7a","HexSSID":"0x54502d4c494e4b5f463432353741","SSID":"TP-LINK_F4257A","capabilities":"[WPA-PSK-CCMP][WPA2-PSK-CCMP][WPS][ESS]","distanceCm":-1,"distanceSdCm":-1,"frequency":2432,"level":-87,"timestamp":1463190908.677,"tsf":50103457264,"wifiSsid":{"SSID":"TP-LINK_F4257A","asciiBytes":14,"octets":{"buf":[84,80,45,76,73,78,75,95,70,52,50,53,55,65,0,0,0,0,0,0,0,0,0,0,0,0,0,0,0,0,0,0],"count":14}}}"
"{"BSSID":"b8:a3:86:b9:e7:6a","HexSSID":"0x6265656c696e652d726f75746572423945373641","SSID":"beeline-routerB9E76A","capabilities":"[WPA-PSK-TKIP][WPS][ESS]","distanceCm":-1,"distanceSdCm":-1,"frequency":2412,"level":-87,"timestamp":1463190908.678,"tsf":50103458275,"wifiSsid":{"SSID":"beeline-routerB9E76A","asciiBytes":20,"octets":{"buf":[98,101,101,108,105,110,101,45,114,111,117,116,101,114,66,57,69,55,54,65,0,0,0,0,0,0,0,0,0,0,0,0],"count":20}}}"
"{"BSSID":"44:e9:dd:d9:13:22","HexSSID":"0x524f5354454c45434f4d5f31333232","SSID":"ROSTELECOM_1322","capabilities":"[WPA-PSK-CCMP+TKIP][WPA2-PSK-CCMP+TKIP][ESS]","distanceCm":-1,"distanceSdCm":-1,"frequency":2457,"level":-89,"timestamp":1463190908.678,"tsf":50103459578,"wifiSsid":{"SSID":"ROSTELECOM_1322","asciiBytes":15,"octets":{"buf":[82,79,83,84,69,76,69,67,79,77,95,49,51,50,50,0,0,0,0,0,0,0,0,0,0,0,0,0,0,0,0,0],"count":15}}}"
"{"BSSID":"84:c9:b2:0c:89:a0","HexSSID":"0x446f6d31383232","SSID":"Dom1822","capabilities":"[WPA2-PSK-CCMP+TKIP][ESS]","distanceCm":-1,"distanceSdCm":-1,"frequency":2462,"level":-90,"timestamp":1463190908.679,"tsf":50103462246,"wifiSsid":{"SSID":"Dom1822","asciiBytes":7,"octets":{"buf":[68,111,109,49,56,50,50,0,0,0,0,0,0,0,0,0,0,0,0,0,0,0,0,0,0,0,0,0,0,0,0,0],"count":7}}}"
"{"BSSID":"00:15:6d:4a:3f:6b","HexSSID":"0x4457462d43484b3232","SSID":"DWF-CHK22","capabilities":"[WPA2-PSK-CCMP][ESS]","distanceCm":-1,"distanceSdCm":-1,"frequency":2412,"level":-68,"timestamp":1463190967.744,"tsf":50162616036,"wifiSsid":{"SSID":"DWF-CHK22","asciiBytes":9,"octets":{"buf":[68,87,70,45,67,72,75,50,50,0,0,0,0,0,0,0,0,0,0,0,0,0,0,0,0,0,0,0,0,0,0,0],"count":9}}}"
"{"BSSID":"c4:6e:1f:d5:9e:48","HexSSID":"0x73656d7961","SSID":"semya","capabilities":"[WPA2-PSK-TKIP][WPS][ESS]","distanceCm":-1,"distanceSdCm":-1,"frequency":2422,"level":-88,"timestamp":1463190967.745,"tsf":50162616955,"wifiSsid":{"SSID":"semya","asciiBytes":5,"octets":{"buf":[115,101,109,121,97,0,0,0,0,0,0,0,0,0,0,0,0,0,0,0,0,0,0,0,0,0,0,0,0,0,0,0],"count":5}}}"
"{"BSSID":"00:90:4c:08:00:0d","HexSSID":"0x5374726f69","SSID":"Stroi","capabilities":"[WPA-PSK-CCMP][WPA2-PSK-CCMP][ESS]","distanceCm":-1,"distanceSdCm":-1,"frequency":2447,"level":-77,"timestamp":1463190967.746,"tsf":50162617511,"wifiSsid":{"SSID":"Stroi","asciiBytes":5,"octets":{"buf":[83,116,114,111,105,0,0,0,0,0,0,0,0,0,0,0,0,0,0,0,0,0,0,0,0,0,0,0,0,0,0,0],"count":5}}}"
"{"BSSID":"e8:fc:af:ba:ce:e3","HexSSID":"0x576946692d444f4d2e72752d30383231","SSID":"WiFi-DOM.ru-0821","capabilities":"[WPA-PSK-CCMP+TKIP][WPA2-PSK-CCMP+TKIP][WPS][ESS]","distanceCm":-1,"distanceSdCm":-1,"frequency":2412,"level":-78,"timestamp":1463190967.747,"tsf":50162618077,"wifiSsid":{"SSID":"WiFi-DOM.ru-0821","asciiBytes":16,"octets":{"buf":[87,105,70,105,45,68,79,77,46,114,117,45,48,56,50,49,0,0,0,0,0,0,0,0,0,0,0,0,0,0,0,0],"count":16}}}"
"{"BSSID":"28:c6:8e:64:47:78","HexSSID":"0x576946692d444f4d2e72752d30333235","SSID":"WiFi-DOM.ru-0325","capabilities":"[WPA-PSK-CCMP+TKIP][WPA2-PSK-CCMP+TKIP][ESS]","distanceCm":-1,"distanceSdCm":-1,"frequency":2437,"level":-80,"timestamp":1463190967.747,"tsf":50162620543,"wifiSsid":{"SSID":"WiFi-DOM.ru-0325","asciiBytes":16,"octets":{"buf":[87,105,70,105,45,68,79,77,46,114,117,45,48,51,50,53,0,0,0,0,0,0,0,0,0,0,0,0,0,0,0,0],"count":16}}}"
"{"BSSID":"00:15:6d:3e:f0:6c","HexSSID":"0x42656c3430","SSID":"Bel40","capabilities":"[WPA2-PSK-CCMP][ESS]","distanceCm":-1,"distanceSdCm":-1,"frequency":2412,"level":-80,"timestamp":1463190967.748,"tsf":50162621808,"wifiSsid":{"SSID":"Bel40","asciiBytes":5,"octets":{"buf":[66,101,108,52,48,0,0,0,0,0,0,0,0,0,0,0,0,0,0,0,0,0,0,0,0,0,0,0,0,0,0,0],"count":5}}}"
"{"BSSID":"c0:4a:00:5f:a3:0e","HexSSID":"0x54502d4c494e4b2d66726565","SSID":"TP-LINK-free","capabilities":"[WPA-PSK-CCMP][WPA2-PSK-CCMP][ESS]","distanceCm":-1,"distanceSdCm":-1,"frequency":2427,"level":-83,"timestamp":1463190967.748,"tsf":50162622385,"wifiSsid":{"SSID":"TP-LINK-free","asciiBytes":12,"octets":{"buf":[84,80,45,76,73,78,75,45,102,114,101,101,0,0,0,0,0,0,0,0,0,0,0,0,0,0,0,0,0,0,0,0],"count":12}}}"
"{"BSSID":"14:a9:e3:00:e6:c4","HexSSID":"0x4265656c696e6536","SSID":"Beeline6","capabilities":"[WPA-PSK-CCMP+TKIP][WPA2-PSK-CCMP+TKIP][WPS][ESS]","distanceCm":-1,"distanceSdCm":-1,"frequency":2412,"level":-83,"timestamp":1463190967.759,"tsf":50162623365,"wifiSsid":{"SSID":"Beeline6","asciiBytes":8,"octets":{"buf":[66,101,101,108,105,110,101,54,0,0,0,0,0,0,0,0,0,0,0,0,0,0,0,0,0,0,0,0,0,0,0,0],"count":8}}}"
"{"BSSID":"44:e9:dd:da:ec:4e","HexSSID":"0x524f5354454c45434f4d5f45433445","SSID":"ROSTELECOM_EC4E","capabilities":"[WPA-PSK-CCMP+TKIP][WPA2-PSK-CCMP+TKIP][ESS]","distanceCm":-1,"distanceSdCm":-1,"frequency":2452,"level":-83,"timestamp":1463190967.77,"tsf":50162624111,"wifiSsid":{"SSID":"ROSTELECOM_EC4E","asciiBytes":15,"octets":{"buf":[82,79,83,84,69,76,69,67,79,77,95,69,67,52,69,0,0,0,0,0,0,0,0,0,0,0,0,0,0,0,0,0],"count":15}}}"
"{"BSSID":"e0:46:9a:59:be:4e","HexSSID":"0x576946692d444f4d2e52552d31323333","SSID":"WiFi-DOM.RU-1233","capabilities":"[WPA2-PSK-CCMP][ESS]","distanceCm":-1,"distanceSdCm":-1,"frequency":2417,"level":-85,"timestamp":1463190967.771,"tsf":50162625445,"wifiSsid":{"SSID":"WiFi-DOM.RU-1233","asciiBytes":16,"octets":{"buf":[87,105,70,105,45,68,79,77,46,82,85,45,49,50,51,51,0,0,0,0,0,0,0,0,0,0,0,0,0,0,0,0],"count":16}}}"
"{"BSSID":"30:b5:c2:69:b0:da","HexSSID":"0x696e7465682a32303135","SSID":"inteh*2015","capabilities":"[WPA-PSK-CCMP+TKIP][WPA2-PSK-CCMP+TKIP][WPS][ESS]","distanceCm":-1,"distanceSdCm":-1,"frequency":2462,"level":-85,"timestamp":1463190967.772,"tsf":50162626957,"wifiSsid":{"SSID":"inteh*2015","asciiBytes":10,"octets":{"buf":[105,110,116,101,104,42,50,48,49,53,0,0,0,0,0,0,0,0,0,0,0,0,0,0,0,0,0,0,0,0,0,0],"count":10}}}"
"{"BSSID":"d8:5d:4c:f4:25:7a","HexSSID":"0x54502d4c494e4b5f463432353741","SSID":"TP-LINK_F4257A","capabilities":"[WPA-PSK-CCMP][WPA2-PSK-CCMP][WPS][ESS]","distanceCm":-1,"distanceSdCm":-1,"frequency":2432,"level":-87,"timestamp":1463190967.772,"tsf":50162627828,"wifiSsid":{"SSID":"TP-LINK_F4257A","asciiBytes":14,"octets":{"buf":[84,80,45,76,73,78,75,95,70,52,50,53,55,65,0,0,0,0,0,0,0,0,0,0,0,0,0,0,0,0,0,0],"count":14}}}"
"{"BSSID":"b8:a3:86:b9:e7:6a","HexSSID":"0x6265656c696e652d726f75746572423945373641","SSID":"beeline-routerB9E76A","capabilities":"[WPA-PSK-TKIP][WPS][ESS]","distanceCm":-1,"distanceSdCm":-1,"frequency":2412,"level":-87,"timestamp":1463190967.774,"tsf":50162630180,"wifiSsid":{"SSID":"beeline-routerB9E76A","asciiBytes":20,"octets":{"buf":[98,101,101,108,105,110,101,45,114,111,117,116,101,114,66,57,69,55,54,65,0,0,0,0,0,0,0,0,0,0,0,0],"count":20}}}"
"{"BSSID":"44:e9:dd:d9:13:22","HexSSID":"0x524f5354454c45434f4d5f31333232","SSID":"ROSTELECOM_1322","capabilities":"[WPA-PSK-CCMP+TKIP][WPA2-PSK-CCMP+TKIP][ESS]","distanceCm":-1,"distanceSdCm":-1,"frequency":2457,"level":-89,"timestamp":1463190967.776,"tsf":50162631713,"wifiSsid":{"SSID":"ROSTELECOM_1322","asciiBytes":15,"octets":{"buf":[82,79,83,84,69,76,69,67,79,77,95,49,51,50,50,0,0,0,0,0,0,0,0,0,0,0,0,0,0,0,0,0],"count":15}}}"
"{"BSSID":"84:c9:b2:0c:89:a0","HexSSID":"0x446f6d31383232","SSID":"Dom1822","capabilities":"[WPA2-PSK-CCMP+TKIP][ESS]","distanceCm":-1,"distanceSdCm":-1,"frequency":2462,"level":-90,"timestamp":1463190967.777,"tsf":50162633143,"wifiSsid":{"SSID":"Dom1822","asciiBytes":7,"octets":{"buf":[68,111,109,49,56,50,50,0,0,0,0,0,0,0,0,0,0,0,0,0,0,0,0,0,0,0,0,0,0,0,0,0],"count":7}}}"
"{"BSSID":"24:a4:3c:ec:a7:66","HexSSID":"0x506f6233385f54697368696e61","SSID":"Pob38_Tishina","capabilities":"[WPA2-PSK-CCMP][ESS]","distanceCm":-1,"distanceSdCm":-1,"frequency":2462,"level":-70,"timestamp":1463190967.778,"tsf":50162634004,"wifiSsid":{"SSID":"Pob38_Tishina","asciiBytes":13,"octets":{"buf":[80,111,98,51,56,95,84,105,115,104,105,110,97,0,0,0,0,0,0,0,0,0,0,0,0,0,0,0,0,0,0,0],"count":13}}}"
"{"BSSID":"50:46:5d:0d:5d:54","HexSSID":"0x415355","SSID":"ASU","capabilities":"[WPA-PSK-CCMP+TKIP][WPA2-PSK-CCMP+TKIP][ESS]","distanceCm":-1,"distanceSdCm":-1,"frequency":2432,"level":-78,"timestamp":1463190967.778,"tsf":50162635328,"wifiSsid":{"SSID":"ASU","asciiBytes":3,"octets":{"buf":[65,83,85,0,0,0,0,0,0,0,0,0,0,0,0,0,0,0,0,0,0,0,0,0,0,0,0,0,0,0,0,0],"count":3}}}"
"{"BSSID":"c0:18:85:36:ec:2f","HexSSID":"0x77696669","SSID":"wifi","capabilities":"[WPA2-PSK-CCMP][ESS]","distanceCm":-1,"distanceSdCm":-1,"frequency":2462,"level":-84,"timestamp":1463190967.79,"tsf":50162635778,"wifiSsid":{"SSID":"wifi","asciiBytes":4,"octets":{"buf":[119,105,102,105,0,0,0,0,0,0,0,0,0,0,0,0,0,0,0,0,0,0,0,0,0,0,0,0,0,0,0,0],"count":4}}}"
"{"BSSID":"f8:c0:91:26:14:2e","HexSSID":"0x626f72646572","SSID":"border","capabilities":"[WPA-PSK-CCMP][WPA2-PSK-CCMP][ESS]","distanceCm":-1,"distanceSdCm":-1,"frequency":2457,"level":-88,"timestamp":1463190967.791,"tsf":50162636276,"wifiSsid":{"SSID":"border","asciiBytes":6,"octets":{"buf":[98,111,114,100,101,114,0,0,0,0,0,0,0,0,0,0,0,0,0,0,0,0,0,0,0,0,0,0,0,0,0,0],"count":6}}}"
"{"BSSID":"24:a4:3c:ec:a7:66","HexSSID":"0x506f6233385f54697368696e61","SSID":"Pob38_Tishina","capabilities":"[WPA2-PSK-CCMP][ESS]","distanceCm":-1,"distanceSdCm":-1,"frequency":2462,"level":-70,"timestamp":1463191015.543,"tsf":50210438332,"wifiSsid":{"SSID":"Pob38_Tishina","asciiBytes":13,"octets":{"buf":[80,111,98,51,56,95,84,105,115,104,105,110,97,0,0,0,0,0,0,0,0,0,0,0,0,0,0,0,0,0,0,0],"count":13}}}"
"{"BSSID":"50:46:5d:0d:5d:54","HexSSID":"0x415355","SSID":"ASU","capabilities":"[WPA-PSK-CCMP+TKIP][WPA2-PSK-CCMP+TKIP][ESS]","distanceCm":-1,"distanceSdCm":-1,"frequency":2432,"level":-78,"timestamp":1463191015.544,"tsf":50210440921,"wifiSsid":{"SSID":"ASU","asciiBytes":3,"octets":{"buf":[65,83,85,0,0,0,0,0,0,0,0,0,0,0,0,0,0,0,0,0,0,0,0,0,0,0,0,0,0,0,0,0],"count":3}}}"
"{"BSSID":"c0:18:85:36:ec:2f","HexSSID":"0x77696669","SSID":"wifi","capabilities":"[WPA2-PSK-CCMP][ESS]","distanceCm":-1,"distanceSdCm":-1,"frequency":2462,"level":-84,"timestamp":1463191015.551,"tsf":50210441335,"wifiSsid":{"SSID":"wifi","asciiBytes":4,"octets":{"buf":[119,105,102,105,0,0,0,0,0,0,0,0,0,0,0,0,0,0,0,0,0,0,0,0,0,0,0,0,0,0,0,0],"count":4}}}"
"{"BSSID":"f8:c0:91:26:14:2e","HexSSID":"0x626f72646572","SSID":"border","capabilities":"[WPA-PSK-CCMP][WPA2-PSK-CCMP][ESS]","distanceCm":-1,"distanceSdCm":-1,"frequency":2457,"level":-88,"timestamp":1463191015.553,"tsf":50210441796,"wifiSsid":{"SSID":"border","asciiBytes":6,"octets":{"buf":[98,111,114,100,101,114,0,0,0,0,0,0,0,0,0,0,0,0,0,0,0,0,0,0,0,0,0,0,0,0,0,0],"count":6}}}"
"{"BSSID":"90:94:e4:ae:d1:72","HexSSID":"0x576946692d444f4d2e72752d34323436","SSID":"WiFi-DOM.ru-4246","capabilities":"[WPA2-PSK-CCMP][ESS]","distanceCm":-1,"distanceSdCm":-1,"frequency":2417,"level":-82,"timestamp":1463191015.555,"tsf":50210442367,"wifiSsid":{"SSID":"WiFi-DOM.ru-4246","asciiBytes":16,"octets":{"buf":[87,105,70,105,45,68,79,77,46,114,117,45,52,50,52,54,0,0,0,0,0,0,0,0,0,0,0,0,0,0,0,0],"count":16}}}"
"{"BSSID":"30:5a:3a:e2:e7:b8","HexSSID":"0x576166656c276b61","SSID":"Wafel'ka","capabilities":"[WPA2-PSK-CCMP][WPS][ESS]","distanceCm":-1,"distanceSdCm":-1,"frequency":2437,"level":-85,"timestamp":1463191015.556,"tsf":50210443502,"wifiSsid":{"SSID":"Wafel'ka","asciiBytes":8,"octets":{"buf":[87,97,102,101,108,39,107,97,0,0,0,0,0,0,0,0,0,0,0,0,0,0,0,0,0,0,0,0,0,0,0,0],"count":8}}}"
"{"BSSID":"f0:82:61:a4:ca:e5","HexSSID":"0x524f5354454c45434f4d5f43414534","SSID":"ROSTELECOM_CAE4","capabilities":"[WPA-PSK-CCMP+TKIP][WPA2-PSK-CCMP+TKIP][ESS]","distanceCm":-1,"distanceSdCm":-1,"frequency":2462,"level":-87,"timestamp":1463191015.561,"tsf":50210444173,"wifiSsid":{"SSID":"ROSTELECOM_CAE4","asciiBytes":15,"octets":{"buf":[82,79,83,84,69,76,69,67,79,77,95,67,65,69,52,0,0,0,0,0,0,0,0,0,0,0,0,0,0,0,0,0],"count":15}}}"
"{"BSSID":"94:4a:0c:ef:a0:23","HexSSID":"0x4265656c696e655f32475f463435323736","SSID":"Beeline_2G_F45276","capabilities":"[WPA-PSK-TKIP][WPA2-PSK-CCMP][ESS]","distanceCm":-1,"distanceSdCm":-1,"frequency":2462,"level":-89,"timestamp":1463191015.562,"tsf":50210445200,"wifiSsid":{"SSID":"Beeline_2G_F45276","asciiBytes":17,"octets":{"buf":[66,101,101,108,105,110,101,95,50,71,95,70,52,53,50,55,54,0,0,0,0,0,0,0,0,0,0,0,0,0,0,0],"count":17}}}"
"{"BSSID":"90:f6:52:d3:7c:c8","HexSSID":"0x42415841","SSID":"BAXA","capabilities":"[WPA2-PSK-CCMP+TKIP][WPS][ESS]","distanceCm":-1,"distanceSdCm":-1,"frequency":2462,"level":-92,"timestamp":1463191015.564,"tsf":50210446774,"wifiSsid":{"SSID":"BAXA","asciiBytes":4,"octets":{"buf":[66,65,88,65,0,0,0,0,0,0,0,0,0,0,0,0,0,0,0,0,0,0,0,0,0,0,0,0,0,0,0,0],"count":4}}}"
"{"BSSID":"dc:9f:db:3c:ef:fe","HexSSID":"0x","SSID":"","capabilities":"[ESS]","distanceCm":-1,"distanceSdCm":-1,"frequency":2432,"level":-84,"timestamp":1463191015.565,"tsf":50210447164,"wifiSsid":{"SSID":"","asciiBytes":0,"octets":{"buf":[0,0,0,0,0,0,0,0,0,0,0,0,0,0,0,0,0,0,0,0,0,0,0,0,0,0,0,0,0,0,0,0],"count":0}}}"
"{"BSSID":"d4:ca:6d:cf:22:dd","HexSSID":"0x","SSID":"","capabilities":"[ESS]","distanceCm":-1,"distanceSdCm":-1,"frequency":5300,"level":-77,"timestamp":1463191088.527,"tsf":50283422184,"wifiSsid":{"SSID":"","asciiBytes":0,"octets":{"buf":[0,0,0,0,0,0,0,0,0,0,0,0,0,0,0,0,0,0,0,0,0,0,0,0,0,0,0,0,0,0,0,0],"count":0}}}"
"{"BSSID":"c4:6e:1f:fd:b9:52","HexSSID":"0x54502d4c494e4b5f464442393532","SSID":"TP-LINK_FDB952","capabilities":"[WPA2-PSK-CCMP][WPS][ESS]","distanceCm":-1,"distanceSdCm":-1,"frequency":2452,"level":-81,"timestamp":1463191088.532,"tsf":50283422497,"wifiSsid":{"SSID":"TP-LINK_FDB952","asciiBytes":14,"octets":{"buf":[84,80,45,76,73,78,75,95,70,68,66,57,53,50,0,0,0,0,0,0,0,0,0,0,0,0,0,0,0,0,0,0],"count":14}}}"
"{"BSSID":"40:4a:03:ad:5a:2c","HexSSID":"0x6c6f62616e5f686f6d65","SSID":"loban_home","capabilities":"[WPA-PSK-TKIP][WPS][ESS]","distanceCm":-1,"distanceSdCm":-1,"frequency":2452,"level":-86,"timestamp":1463191088.533,"tsf":50283424413,"wifiSsid":{"SSID":"loban_home","asciiBytes":10,"octets":{"buf":[108,111,98,97,110,95,104,111,109,101,0,0,0,0,0,0,0,0,0,0,0,0,0,0,0,0,0,0,0,0,0,0],"count":10}}}"
"{"BSSID":"d8:fe:e3:d0:32:dc","HexSSID":"0x4449522d363135","SSID":"DIR-615","capabilities":"[WPA2-PSK-CCMP][ESS]","distanceCm":-1,"distanceSdCm":-1,"frequency":2437,"level":-85,"timestamp":1463191088.537,"tsf":50283425554,"wifiSsid":{"SSID":"DIR-615","asciiBytes":7,"octets":{"buf":[68,73,82,45,54,49,53,0,0,0,0,0,0,0,0,0,0,0,0,0,0,0,0,0,0,0,0,0,0,0,0,0],"count":7}}}"
"{"BSSID":"38:2c:4a:4d:5d:a0","HexSSID":"0x4d697261","SSID":"Mira","capabilities":"[WPA2-PSK-CCMP][WPS][ESS]","distanceCm":-1,"distanceSdCm":-1,"frequency":2437,"level":-86,"timestamp":1463191088.54,"tsf":50283426244,"wifiSsid":{"SSID":"Mira","asciiBytes":4,"octets":{"buf":[77,105,114,97,0,0,0,0,0,0,0,0,0,0,0,0,0,0,0,0,0,0,0,0,0,0,0,0,0,0,0,0],"count":4}}}"
"{"BSSID":"f4:ec:38:b3:9e:98","HexSSID":"0x63756261686f7374656c","SSID":"cubahostel","capabilities":"[WPA2-PSK-CCMP][ESS]","distanceCm":-1,"distanceSdCm":-1,"frequency":2437,"level":-88,"timestamp":1463191088.548,"tsf":50283426754,"wifiSsid":{"SSID":"cubahostel","asciiBytes":10,"octets":{"buf":[99,117,98,97,104,111,115,116,101,108,0,0,0,0,0,0,0,0,0,0,0,0,0,0,0,0,0,0,0,0,0,0],"count":10}}}"
"{"BSSID":"00:0e:8f:30:14:d8","HexSSID":"0x536d6172745f626f782d333031344438","SSID":"Smart_box-3014D8","capabilities":"[WPA-PSK-TKIP][WPA2-PSK-CCMP][WPS][ESS]","distanceCm":-1,"distanceSdCm":-1,"frequency":2432,"level":-88,"timestamp":1463191088.55,"tsf":50283427618,"wifiSsid":{"SSID":"Smart_box-3014D8","asciiBytes":16,"octets":{"buf":[83,109,97,114,116,95,98,111,120,45,51,48,49,52,68,56,0,0,0,0,0,0,0,0,0,0,0,0,0,0,0,0],"count":16}}}"
"{"BSSID":"00:27:22:81:8d:5d","HexSSID":"0x","SSID":"","capabilities":"[ESS]","distanceCm":-1,"distanceSdCm":-1,"frequency":2462,"level":-57,"timestamp":1463191088.554,"tsf":50283428748,"wifiSsid":{"SSID":"","asciiBytes":0,"octets":{"buf":[0,0,0,0,0,0,0,0,0,0,0,0,0,0,0,0,0,0,0,0,0,0,0,0,0,0,0,0,0,0,0,0],"count":0}}}"
"{"BSSID":"00:27:22:cc:c2:46","HexSSID":"0x","SSID":"","capabilities":"[WPA2-PSK-CCMP+TKIP][ESS]","distanceCm":-1,"distanceSdCm":-1,"frequency":2422,"level":-73,"timestamp":1463191088.558,"tsf":50283428861,"wifiSsid":{"SSID":"","asciiBytes":0,"octets":{"buf":[0,0,0,0,0,0,0,0,0,0,0,0,0,0,0,0,0,0,0,0,0,0,0,0,0,0,0,0,0,0,0,0],"count":0}}}"
"{"BSSID":"24:a4:3c:e4:7b:f5","HexSSID":"0x4457462d4752564c2d3132","SSID":"DWF-GRVL-12","capabilities":"[WPA2-PSK-CCMP][ESS]","distanceCm":-1,"distanceSdCm":-1,"frequency":2412,"level":-76,"timestamp":1463191088.564,"tsf":50283429085,"wifiSsid":{"SSID":"DWF-GRVL-12","asciiBytes":11,"octets":{"buf":[68,87,70,45,71,82,86,76,45,49,50,0,0,0,0,0,0,0,0,0,0,0,0,0,0,0,0,0,0,0,0,0],"count":11}}}"
"{"BSSID":"dc:9f:db:9a:e3:31","HexSSID":"0x75626e74","SSID":"ubnt","capabilities":"[ESS]","distanceCm":-1,"distanceSdCm":-1,"frequency":5600,"level":-84,"timestamp":1463191088.567,"tsf":50283430192,"wifiSsid":{"SSID":"ubnt","asciiBytes":4,"octets":{"buf":[117,98,110,116,0,0,0,0,0,0,0,0,0,0,0,0,0,0,0,0,0,0,0,0,0,0,0,0,0,0,0,0],"count":4}}}"
"{"BSSID":"2c:e6:cc:33:8d:78","HexSSID":"0x5061726b496e6e5f4775657374","SSID":"ParkInn_Guest","capabilities":"[ESS]","distanceCm":-1,"distanceSdCm":-1,"frequency":2437,"level":-88,"timestamp":1463191088.568,"tsf":50283430701,"wifiSsid":{"SSID":"ParkInn_Guest","asciiBytes":13,"octets":{"buf":[80,97,114,107,73,110,110,95,71,117,101,115,116,0,0,0,0,0,0,0,0,0,0,0,0,0,0,0,0,0,0,0],"count":13}}}"
"{"BSSID":"cc:b2:55:61:56:32","HexSSID":"0x706170696c6c696f6e","SSID":"papillion","capabilities":"[WPA-PSK-CCMP][WPA2-PSK-CCMP][ESS]","distanceCm":-1,"distanceSdCm":-1,"frequency":2452,"level":-80,"timestamp":1463191148.569,"tsf":50343456838,"wifiSsid":{"SSID":"papillion","asciiBytes":9,"octets":{"buf":[112,97,112,105,108,108,105,111,110,0,0,0,0,0,0,0,0,0,0,0,0,0,0,0,0,0,0,0,0,0,0,0],"count":9}}}"
"{"BSSID":"bc:f6:85:48:39:96","HexSSID":"0x4449522d363135","SSID":"DIR-615","capabilities":"[WPA2-PSK-CCMP][ESS]","distanceCm":-1,"distanceSdCm":-1,"frequency":2417,"level":-85,"timestamp":1463191148.57,"tsf":50343458286,"wifiSsid":{"SSID":"DIR-615","asciiBytes":7,"octets":{"buf":[68,73,82,45,54,49,53,0,0,0,0,0,0,0,0,0,0,0,0,0,0,0,0,0,0,0,0,0,0,0,0,0],"count":7}}}"
"{"BSSID":"c8:d3:a3:49:7b:2e","HexSSID":"0x7961726e657439","SSID":"yarnet9","capabilities":"[WPA-PSK-CCMP+TKIP][WPA2-PSK-CCMP+TKIP][ESS]","distanceCm":-1,"distanceSdCm":-1,"frequency":2457,"level":-91,"timestamp":1463191148.571,"tsf":50343460957,"wifiSsid":{"SSID":"yarnet9","asciiBytes":7,"octets":{"buf":[121,97,114,110,101,116,57,0,0,0,0,0,0,0,0,0,0,0,0,0,0,0,0,0,0,0,0,0,0,0,0,0],"count":7}}}"
"{"BSSID":"c0:18:85:8c:ed:f7","HexSSID":"0x48502d5072696e742d46372d4c617365724a65742031313032","SSID":"HP-Print-F7-LaserJet 1102","capabilities":"[ESS]","distanceCm":-1,"distanceSdCm":-1,"frequency":2437,"level":-89,"timestamp":1463191148.571,"tsf":50343461657,"wifiSsid":{"SSID":"HP-Print-F7-LaserJet 1102","asciiBytes":25,"octets":{"buf":[72,80,45,80,114,105,110,116,45,70,55,45,76,97,115,101,114,74,101,116,32,49,49,48,50,0,0,0,0,0,0,0],"count":25}}}"
"{"BSSID":"84:1b:5e:7e:8d:3b","HexSSID":"0x536b794e6574","SSID":"SkyNet","capabilities":"[WPA2-PSK-CCMP][WPS][ESS]","distanceCm":-1,"distanceSdCm":-1,"frequency":2442,"level":-86,"timestamp":1463191148.579,"tsf":50343464206,"wifiSsid":{"SSID":"SkyNet","asciiBytes":6,"octets":{"buf":[83,107,121,78,101,116,0,0,0,0,0,0,0,0,0,0,0,0,0,0,0,0,0,0,0,0,0,0,0,0,0,0],"count":6}}}"
"{"BSSID":"24:a4:3c:e4:73:d1","HexSSID":"0x67727631322d33","SSID":"grv12-3","capabilities":"[WPA2-PSK-CCMP][ESS]","distanceCm":-1,"distanceSdCm":-1,"frequency":2442,"level":-88,"timestamp":1463191148.59,"tsf":50343465302,"wifiSsid":{"SSID":"grv12-3","asciiBytes":7,"octets":{"buf":[103,114,118,49,50,45,51,0,0,0,0,0,0,0,0,0,0,0,0,0,0,0,0,0,0,0,0,0,0,0,0,0],"count":7}}}"
"{"BSSID":"10:0d:7f:2f:c3:3c","HexSSID":"0x576946692d444f4d2e72752d36353435","SSID":"WiFi-DOM.ru-6545","capabilities":"[WPA-PSK-CCMP+TKIP][WPA2-PSK-CCMP+TKIP][ESS]","distanceCm":-1,"distanceSdCm":-1,"frequency":2462,"level":-88,"timestamp":1463191148.594,"tsf":50343466175,"wifiSsid":{"SSID":"WiFi-DOM.ru-6545","asciiBytes":16,"octets":{"buf":[87,105,70,105,45,68,79,77,46,114,117,45,54,53,52,53,0,0,0,0,0,0,0,0,0,0,0,0,0,0,0,0],"count":16}}}"
"{"BSSID":"d4:21:22:0e:10:0f","HexSSID":"0x6265656c696e652d313033","SSID":"beeline-103","capabilities":"[WPA-PSK-TKIP][WPA2-PSK-CCMP][WPS][ESS]","distanceCm":-1,"distanceSdCm":-1,"frequency":2462,"level":-92,"timestamp":1463191148.596,"tsf":50343469644,"wifiSsid":{"SSID":"beeline-103","asciiBytes":11,"octets":{"buf":[98,101,101,108,105,110,101,45,49,48,51,0,0,0,0,0,0,0,0,0,0,0,0,0,0,0,0,0,0,0,0,0],"count":11}}}"
"{"BSSID":"d8:eb:97:1f:f7:9d","HexSSID":"0x5452454e446e6574363531","SSID":"TRENDnet651","capabilities":"[WPA2-PSK-TKIP][WPS][ESS]","distanceCm":-1,"distanceSdCm":-1,"frequency":2467,"level":-92,"timestamp":1463191148.598,"tsf":50343470862,"wifiSsid":{"SSID":"TRENDnet651","asciiBytes":11,"octets":{"buf":[84,82,69,78,68,110,101,116,54,53,49,0,0,0,0,0,0,0,0,0,0,0,0,0,0,0,0,0,0,0,0,0],"count":11}}}"
"{"BSSID":"84:1b:5e:7e:8d:3b","HexSSID":"0x536b794e6574","SSID":"SkyNet","capabilities":"[WPA2-PSK-CCMP][WPS][ESS]","distanceCm":-1,"distanceSdCm":-1,"frequency":2442,"level":-86,"timestamp":1463191197.825,"tsf":50392708152,"wifiSsid":{"SSID":"SkyNet","asciiBytes":6,"octets":{"buf":[83,107,121,78,101,116,0,0,0,0,0,0,0,0,0,0,0,0,0,0,0,0,0,0,0,0,0,0,0,0,0,0],"count":6}}}"
"{"BSSID":"24:a4:3c:e4:73:d1","HexSSID":"0x67727631322d33","SSID":"grv12-3","capabilities":"[WPA2-PSK-CCMP][ESS]","distanceCm":-1,"distanceSdCm":-1,"frequency":2442,"level":-88,"timestamp":1463191197.826,"tsf":50392708810,"wifiSsid":{"SSID":"grv12-3","asciiBytes":7,"octets":{"buf":[103,114,118,49,50,45,51,0,0,0,0,0,0,0,0,0,0,0,0,0,0,0,0,0,0,0,0,0,0,0,0,0],"count":7}}}"
"{"BSSID":"10:0d:7f:2f:c3:3c","HexSSID":"0x576946692d444f4d2e72752d36353435","SSID":"WiFi-DOM.ru-6545","capabilities":"[WPA-PSK-CCMP+TKIP][WPA2-PSK-CCMP+TKIP][ESS]","distanceCm":-1,"distanceSdCm":-1,"frequency":2462,"level":-88,"timestamp":1463191197.83,"tsf":50392709395,"wifiSsid":{"SSID":"WiFi-DOM.ru-6545","asciiBytes":16,"octets":{"buf":[87,105,70,105,45,68,79,77,46,114,117,45,54,53,52,53,0,0,0,0,0,0,0,0,0,0,0,0,0,0,0,0],"count":16}}}"
"{"BSSID":"d4:21:22:0e:10:0f","HexSSID":"0x6265656c696e652d313033","SSID":"beeline-103","capabilities":"[WPA-PSK-TKIP][WPA2-PSK-CCMP][WPS][ESS]","distanceCm":-1,"distanceSdCm":-1,"frequency":2462,"level":-92,"timestamp":1463191197.832,"tsf":50392710439,"wifiSsid":{"SSID":"beeline-103","asciiBytes":11,"octets":{"buf":[98,101,101,108,105,110,101,45,49,48,51,0,0,0,0,0,0,0,0,0,0,0,0,0,0,0,0,0,0,0,0,0],"count":11}}}"
"{"BSSID":"d8:eb:97:1f:f7:9d","HexSSID":"0x5452454e446e6574363531","SSID":"TRENDnet651","capabilities":"[WPA2-PSK-TKIP][WPS][ESS]","distanceCm":-1,"distanceSdCm":-1,"frequency":2467,"level":-92,"timestamp":1463191197.836,"tsf":50392715707,"wifiSsid":{"SSID":"TRENDnet651","asciiBytes":11,"octets":{"buf":[84,82,69,78,68,110,101,116,54,53,49,0,0,0,0,0,0,0,0,0,0,0,0,0,0,0,0,0,0,0,0,0],"count":11}}}"
"{"BSSID":"86:64:c7:65:fb:d2","HexSSID":"0x77656461","SSID":"weda","capabilities":"[WPA-PSK-TKIP][WPS][ESS]","distanceCm":-1,"distanceSdCm":-1,"frequency":2437,"level":-78,"timestamp":1463191197.837,"tsf":50392717252,"wifiSsid":{"SSID":"weda","asciiBytes":4,"octets":{"buf":[119,101,100,97,0,0,0,0,0,0,0,0,0,0,0,0,0,0,0,0,0,0,0,0,0,0,0,0,0,0,0,0],"count":4}}}"
"{"BSSID":"74:44:01:90:96:09","HexSSID":"0x556c79737365203238","SSID":"Ulysse 28","capabilities":"[WPA2-PSK-CCMP][WPS][ESS]","distanceCm":-1,"distanceSdCm":-1,"frequency":2462,"level":-79,"timestamp":1463191197.839,"tsf":50392717729,"wifiSsid":{"SSID":"Ulysse 28","asciiBytes":9,"octets":{"buf":[85,108,121,115,115,101,32,50,56,0,0,0,0,0,0,0,0,0,0,0,0,0,0,0,0,0,0,0,0,0,0,0],"count":9}}}"
"{"BSSID":"f8:c0:91:13:cb:07","HexSSID":"0x555056454c2055522d333135424e","SSID":"UPVEL UR-315BN","capabilities":"[WPA-PSK-CCMP+TKIP][ESS]","distanceCm":-1,"distanceSdCm":-1,"frequency":2452,"level":-79,"timestamp":1463191197.84,"tsf":50392718400,"wifiSsid":{"SSID":"UPVEL UR-315BN","asciiBytes":14,"octets":{"buf":[85,80,86,69,76,32,85,82,45,51,49,53,66,78,0,0,0,0,0,0,0,0,0,0,0,0,0,0,0,0,0,0],"count":14}}}"
"{"BSSID":"14:cc:20:9f:82:7c","HexSSID":"0x54502d4c494e4b5f38323743","SSID":"TP-LINK_827C","capabilities":"[WPA-PSK-CCMP][WPA2-PSK-CCMP][WPS][ESS]","distanceCm":-1,"distanceSdCm":-1,"frequency":2442,"level":-79,"timestamp":1463191197.844,"tsf":50392719793,"wifiSsid":{"SSID":"TP-LINK_827C","asciiBytes":12,"octets":{"buf":[84,80,45,76,73,78,75,95,56,50,55,67,0,0,0,0,0,0,0,0,0,0,0,0,0,0,0,0,0,0,0,0],"count":12}}}"
"{"BSSID":"cc:b2:55:2c:cd:83","HexSSID":"0x737665746c616e612d6e6574","SSID":"svetlana-net","capabilities":"[WPA2-PSK-CCMP+TKIP][ESS]","distanceCm":-1,"distanceSdCm":-1,"frequency":2437,"level":-83,"timestamp":1463191197.846,"tsf":50392721021,"wifiSsid":{"SSID":"svetlana-net","asciiBytes":12,"octets":{"buf":[115,118,101,116,108,97,110,97,45,110,101,116,0,0,0,0,0,0,0,0,0,0,0,0,0,0,0,0,0,0,0,0],"count":12}}}"
"{"BSSID":"84:c9:b2:0d:57:66","HexSSID":"0x45666679","SSID":"Effy","capabilities":"[WPA-PSK-CCMP+TKIP][WPA2-PSK-CCMP+TKIP][ESS]","distanceCm":-1,"distanceSdCm":-1,"frequency":2412,"level":-85,"timestamp":1463191197.847,"tsf":50392722236,"wifiSsid":{"SSID":"Effy","asciiBytes":4,"octets":{"buf":[69,102,102,121,0,0,0,0,0,0,0,0,0,0,0,0,0,0,0,0,0,0,0,0,0,0,0,0,0,0,0,0],"count":4}}}"
"{"BSSID":"f4:ec:38:ef:11:c4","HexSSID":"0x4d79204e6574","SSID":"My Net","capabilities":"[WPA2-PSK-CCMP+TKIP][WPS][ESS]","distanceCm":-1,"distanceSdCm":-1,"frequency":2457,"level":-87,"timestamp":1463191197.851,"tsf":50392722678,"wifiSsid":{"SSID":"My Net","asciiBytes":6,"octets":{"buf":[77,121,32,78,101,116,0,0,0,0,0,0,0,0,0,0,0,0,0,0,0,0,0,0,0,0,0,0,0,0,0,0],"count":6}}}"
"{"BSSID":"fc:8b:97:57:56:22","HexSSID":"0x73687673696e","SSID":"shvsin","capabilities":"[WPA-PSK-CCMP][WPA2-PSK-CCMP][ESS]","distanceCm":-1,"distanceSdCm":-1,"frequency":2462,"level":-87,"timestamp":1463191197.851,"tsf":50392723198,"wifiSsid":{"SSID":"shvsin","asciiBytes":6,"octets":{"buf":[115,104,118,115,105,110,0,0,0,0,0,0,0,0,0,0,0,0,0,0,0,0,0,0,0,0,0,0,0,0,0,0],"count":6}}}"
"{"BSSID":"00:0e:8f:60:56:cc","HexSSID":"0x4265656c696e653430","SSID":"Beeline40","capabilities":"[WPA-PSK-TKIP][WPA2-PSK-CCMP][WPS][ESS]","distanceCm":-1,"distanceSdCm":-1,"frequency":2457,"level":-88,"timestamp":1463191197.852,"tsf":50392723721,"wifiSsid":{"SSID":"Beeline40","asciiBytes":9,"octets":{"buf":[66,101,101,108,105,110,101,52,48,0,0,0,0,0,0,0,0,0,0,0,0,0,0,0,0,0,0,0,0,0,0,0],"count":9}}}"
"{"BSSID":"ac:9e:17:8d:61:cc","HexSSID":"0x4170706c653736","SSID":"Apple76","capabilities":"[WPA-PSK-CCMP+TKIP][WPA2-PSK-CCMP+TKIP][WPS][ESS]","distanceCm":-1,"distanceSdCm":-1,"frequency":2412,"level":-88,"timestamp":1463191197.852,"tsf":50392724378,"wifiSsid":{"SSID":"Apple76","asciiBytes":7,"octets":{"buf":[65,112,112,108,101,55,54,0,0,0,0,0,0,0,0,0,0,0,0,0,0,0,0,0,0,0,0,0,0,0,0,0],"count":7}}}"
"{"BSSID":"00:0b:2b:e6:7c:58","HexSSID":"0x576976652d52544e4c","SSID":"Wive-RTNL","capabilities":"[WPA2-PSK-CCMP+TKIP][ESS]","distanceCm":-1,"distanceSdCm":-1,"frequency":2417,"level":-89,"timestamp":1463191197.853,"tsf":50392724946,"wifiSsid":{"SSID":"Wive-RTNL","asciiBytes":9,"octets":{"buf":[87,105,118,101,45,82,84,78,76,0,0,0,0,0,0,0,0,0,0,0,0,0,0,0,0,0,0,0,0,0,0,0],"count":9}}}"
"{"BSSID":"86:64:c7:65:fb:d2","HexSSID":"0x77656461","SSID":"weda","capabilities":"[WPA-PSK-TKIP][WPS][ESS]","distanceCm":-1,"distanceSdCm":-1,"frequency":2437,"level":-78,"timestamp":1463191305.115,"tsf":50499965730,"wifiSsid":{"SSID":"weda","asciiBytes":4,"octets":{"buf":[119,101,100,97,0,0,0,0,0,0,0,0,0,0,0,0,0,0,0,0,0,0,0,0,0,0,0,0,0,0,0,0],"count":4}}}"
"{"BSSID":"74:44:01:90:96:09","HexSSID":"0x556c79737365203238","SSID":"Ulysse 28","capabilities":"[WPA2-PSK-CCMP][WPS][ESS]","distanceCm":-1,"distanceSdCm":-1,"frequency":2462,"level":-79,"timestamp":1463191305.116,"tsf":50499966929,"wifiSsid":{"SSID":"Ulysse 28","asciiBytes":9,"octets":{"buf":[85,108,121,115,115,101,32,50,56,0,0,0,0,0,0,0,0,0,0,0,0,0,0,0,0,0,0,0,0,0,0,0],"count":9}}}"
"{"BSSID":"f8:c0:91:13:cb:07","HexSSID":"0x555056454c2055522d333135424e","SSID":"UPVEL UR-315BN","capabilities":"[WPA-PSK-CCMP+TKIP][ESS]","distanceCm":-1,"distanceSdCm":-1,"frequency":2452,"level":-79,"timestamp":1463191305.116,"tsf":50499967889,"wifiSsid":{"SSID":"UPVEL UR-315BN","asciiBytes":14,"octets":{"buf":[85,80,86,69,76,32,85,82,45,51,49,53,66,78,0,0,0,0,0,0,0,0,0,0,0,0,0,0,0,0,0,0],"count":14}}}"
"{"BSSID":"14:cc:20:9f:82:7c","HexSSID":"0x54502d4c494e4b5f38323743","SSID":"TP-LINK_827C","capabilities":"[WPA-PSK-CCMP][WPA2-PSK-CCMP][WPS][ESS]","distanceCm":-1,"distanceSdCm":-1,"frequency":2442,"level":-79,"timestamp":1463191305.117,"tsf":50499969171,"wifiSsid":{"SSID":"TP-LINK_827C","asciiBytes":12,"octets":{"buf":[84,80,45,76,73,78,75,95,56,50,55,67,0,0,0,0,0,0,0,0,0,0,0,0,0,0,0,0,0,0,0,0],"count":12}}}"
"{"BSSID":"cc:b2:55:2c:cd:83","HexSSID":"0x737665746c616e612d6e6574","SSID":"svetlana-net","capabilities":"[WPA2-PSK-CCMP+TKIP][ESS]","distanceCm":-1,"distanceSdCm":-1,"frequency":2437,"level":-83,"timestamp":1463191305.123,"tsf":50499970247,"wifiSsid":{"SSID":"svetlana-net","asciiBytes":12,"octets":{"buf":[115,118,101,116,108,97,110,97,45,110,101,116,0,0,0,0,0,0,0,0,0,0,0,0,0,0,0,0,0,0,0,0],"count":12}}}"
"{"BSSID":"84:c9:b2:0d:57:66","HexSSID":"0x45666679","SSID":"Effy","capabilities":"[WPA-PSK-CCMP+TKIP][WPA2-PSK-CCMP+TKIP][ESS]","distanceCm":-1,"distanceSdCm":-1,"frequency":2412,"level":-85,"timestamp":1463191305.181,"tsf":50499971952,"wifiSsid":{"SSID":"Effy","asciiBytes":4,"octets":{"buf":[69,102,102,121,0,0,0,0,0,0,0,0,0,0,0,0,0,0,0,0,0,0,0,0,0,0,0,0,0,0,0,0],"count":4}}}"
"{"BSSID":"f4:ec:38:ef:11:c4","HexSSID":"0x4d79204e6574","SSID":"My Net","capabilities":"[WPA2-PSK-CCMP+TKIP][WPS][ESS]","distanceCm":-1,"distanceSdCm":-1,"frequency":2457,"level":-87,"timestamp":1463191305.182,"tsf":50499972450,"wifiSsid":{"SSID":"My Net","asciiBytes":6,"octets":{"buf":[77,121,32,78,101,116,0,0,0,0,0,0,0,0,0,0,0,0,0,0,0,0,0,0,0,0,0,0,0,0,0,0],"count":6}}}"
"{"BSSID":"fc:8b:97:57:56:22","HexSSID":"0x73687673696e","SSID":"shvsin","capabilities":"[WPA-PSK-CCMP][WPA2-PSK-CCMP][ESS]","distanceCm":-1,"distanceSdCm":-1,"frequency":2462,"level":-87,"timestamp":1463191305.183,"tsf":50499973511,"wifiSsid":{"SSID":"shvsin","asciiBytes":6,"octets":{"buf":[115,104,118,115,105,110,0,0,0,0,0,0,0,0,0,0,0,0,0,0,0,0,0,0,0,0,0,0,0,0,0,0],"count":6}}}"
"{"BSSID":"00:0e:8f:60:56:cc","HexSSID":"0x4265656c696e653430","SSID":"Beeline40","capabilities":"[WPA-PSK-TKIP][WPA2-PSK-CCMP][WPS][ESS]","distanceCm":-1,"distanceSdCm":-1,"frequency":2457,"level":-88,"timestamp":1463191305.184,"tsf":50499974635,"wifiSsid":{"SSID":"Beeline40","asciiBytes":9,"octets":{"buf":[66,101,101,108,105,110,101,52,48,0,0,0,0,0,0,0,0,0,0,0,0,0,0,0,0,0,0,0,0,0,0,0],"count":9}}}"
"{"BSSID":"ac:9e:17:8d:61:cc","HexSSID":"0x4170706c653736","SSID":"Apple76","capabilities":"[WPA-PSK-CCMP+TKIP][WPA2-PSK-CCMP+TKIP][WPS][ESS]","distanceCm":-1,"distanceSdCm":-1,"frequency":2412,"level":-88,"timestamp":1463191305.184,"tsf":50499976178,"wifiSsid":{"SSID":"Apple76","asciiBytes":7,"octets":{"buf":[65,112,112,108,101,55,54,0,0,0,0,0,0,0,0,0,0,0,0,0,0,0,0,0,0,0,0,0,0,0,0,0],"count":7}}}"
"{"BSSID":"00:0b:2b:e6:7c:58","HexSSID":"0x576976652d52544e4c","SSID":"Wive-RTNL","capabilities":"[WPA2-PSK-CCMP+TKIP][ESS]","distanceCm":-1,"distanceSdCm":-1,"frequency":2417,"level":-89,"timestamp":1463191305.185,"tsf":50499977731,"wifiSsid":{"SSID":"Wive-RTNL","asciiBytes":9,"octets":{"buf":[87,105,118,101,45,82,84,78,76,0,0,0,0,0,0,0,0,0,0,0,0,0,0,0,0,0,0,0,0,0,0,0],"count":9}}}"
"{"BSSID":"44:e9:dd:c4:6b:0e","HexSSID":"0x76696b61","SSID":"vika","capabilities":"[WPA-PSK-CCMP+TKIP][WPA2-PSK-CCMP+TKIP][ESS]","distanceCm":-1,"distanceSdCm":-1,"frequency":2457,"level":-83,"timestamp":1463191305.194,"tsf":50499978511,"wifiSsid":{"SSID":"vika","asciiBytes":4,"octets":{"buf":[118,105,107,97,0,0,0,0,0,0,0,0,0,0,0,0,0,0,0,0,0,0,0,0,0,0,0,0,0,0,0,0],"count":4}}}"
"{"BSSID":"44:e9:dd:db:25:e2","HexSSID":"0x526f7374656c65636f6d37","SSID":"Rostelecom7","capabilities":"[WPA-PSK-CCMP+TKIP][WPA2-PSK-CCMP+TKIP][ESS]","distanceCm":-1,"distanceSdCm":-1,"frequency":2457,"level":-83,"timestamp":1463191305.196,"tsf":50499978998,"wifiSsid":{"SSID":"Rostelecom7","asciiBytes":11,"octets":{"buf":[82,111,115,116,101,108,101,99,111,109,55,0,0,0,0,0,0,0,0,0,0,0,0,0,0,0,0,0,0,0,0,0],"count":11}}}"
"{"BSSID":"c8:60:00:5d:33:48","HexSSID":"0x416b696f","SSID":"Akio","capabilities":"[WPA-PSK-CCMP+TKIP][WPA2-PSK-CCMP+TKIP][WPS][ESS]","distanceCm":-1,"distanceSdCm":-1,"frequency":2462,"level":-84,"timestamp":1463191305.197,"tsf":50499980271,"wifiSsid":{"SSID":"Akio","asciiBytes":4,"octets":{"buf":[65,107,105,111,0,0,0,0,0,0,0,0,0,0,0,0,0,0,0,0,0,0,0,0,0,0,0,0,0,0,0,0],"count":4}}}"
"{"BSSID":"c8:d3:a3:2f:60:98","HexSSID":"0x54544b2d39","SSID":"TTK-9","capabilities":"[WPA-PSK-CCMP][WPA2-PSK-CCMP][ESS]","distanceCm":-1,"distanceSdCm":-1,"frequency":2412,"level":-87,"timestamp":1463191305.203,"tsf":50499980737,"wifiSsid":{"SSID":"TTK-9","asciiBytes":5,"octets":{"buf":[84,84,75,45,57,0,0,0,0,0,0,0,0,0,0,0,0,0,0,0,0,0,0,0,0,0,0,0,0,0,0,0],"count":5}}}"
"{"BSSID":"00:22:b0:4b:7c:f3","HexSSID":"0x425554","SSID":"BUT","capabilities":"[WPA-PSK-CCMP+TKIP][WPA2-PSK-CCMP+TKIP][WPS][ESS]","distanceCm":-1,"distanceSdCm":-1,"frequency":2437,"level":-88,"timestamp":1463191305.204,"tsf":50499981464,"wifiSsid":{"SSID":"BUT","asciiBytes":3,"octets":{"buf":[66,85,84,0,0,0,0,0,0,0,0,0,0,0,0,0,0,0,0,0,0,0,0,0,0,0,0,0,0,0,0,0],"count":3}}}"
"{"BSSID":"c8:d3:a3:48:42:64","HexSSID":"0x4449522d3332304e5255","SSID":"DIR-320NRU","capabilities":"[WPA-PSK-TKIP][WPA2-PSK-TKIP][ESS]","distanceCm":-1,"distanceSdCm":-1,"frequency":2462,"level":-89,"timestamp":1463191305.204,"tsf":50499982264,"wifiSsid":{"SSID":"DIR-320NRU","asciiBytes":10,"octets":{"buf":[68,73,82,45,51,50,48,78,82,85,0,0,0,0,0,0,0,0,0,0,0,0,0,0,0,0,0,0,0,0,0,0],"count":10}}}"
"{"BSSID":"d0:5b:a8:c8:6a:29","HexSSID":"0x4d463930504c55535f433836413239","SSID":"MF90PLUS_C86A29","capabilities":"[WPA-PSK-CCMP+TKIP][WPA2-PSK-CCMP+TKIP][WPS][ESS]","distanceCm":-1,"distanceSdCm":-1,"frequency":2437,"level":-91,"timestamp":1463191305.205,"tsf":50499983622,"wifiSsid":{"SSID":"MF90PLUS_C86A29","asciiBytes":15,"octets":{"buf":[77,70,57,48,80,76,85,83,95,67,56,54,65,50,57,0,0,0,0,0,0,0,0,0,0,0,0,0,0,0,0,0],"count":15}}}"
"{"BSSID":"fc:75:16:48:05:06","HexSSID":"0x4449522d3332304e5255","SSID":"DIR-320NRU","capabilities":"[ESS]","distanceCm":-1,"distanceSdCm":-1,"frequency":2412,"level":-84,"timestamp":1463191305.206,"tsf":50499985777,"wifiSsid":{"SSID":"DIR-320NRU","asciiBytes":10,"octets":{"buf":[68,73,82,45,51,50,48,78,82,85,0,0,0,0,0,0,0,0,0,0,0,0,0,0,0,0,0,0,0,0,0,0],"count":10}}}"
"{"BSSID":"cc:b2:55:96:23:ba","HexSSID":"0x4449522d3332304e5255","SSID":"DIR-320NRU","capabilities":"[ESS]","distanceCm":-1,"distanceSdCm":-1,"frequency":2412,"level":-86,"timestamp":1463191305.206,"tsf":50499988301,"wifiSsid":{"SSID":"DIR-320NRU","asciiBytes":10,"octets":{"buf":[68,73,82,45,51,50,48,78,82,85,0,0,0,0,0,0,0,0,0,0,0,0,0,0,0,0,0,0,0,0,0,0],"count":10}}}"
"{"BSSID":"44:e9:dd:c4:6b:0e","HexSSID":"0x76696b61","SSID":"vika","capabilities":"[WPA-PSK-CCMP+TKIP][WPA2-PSK-CCMP+TKIP][ESS]","distanceCm":-1,"distanceSdCm":-1,"frequency":2457,"level":-83,"timestamp":1463191328.618,"tsf":50523473487,"wifiSsid":{"SSID":"vika","asciiBytes":4,"octets":{"buf":[118,105,107,97,0,0,0,0,0,0,0,0,0,0,0,0,0,0,0,0,0,0,0,0,0,0,0,0,0,0,0,0],"count":4}}}"
"{"BSSID":"44:e9:dd:db:25:e2","HexSSID":"0x526f7374656c65636f6d37","SSID":"Rostelecom7","capabilities":"[WPA-PSK-CCMP+TKIP][WPA2-PSK-CCMP+TKIP][ESS]","distanceCm":-1,"distanceSdCm":-1,"frequency":2457,"level":-83,"timestamp":1463191328.619,"tsf":50523474121,"wifiSsid":{"SSID":"Rostelecom7","asciiBytes":11,"octets":{"buf":[82,111,115,116,101,108,101,99,111,109,55,0,0,0,0,0,0,0,0,0,0,0,0,0,0,0,0,0,0,0,0,0],"count":11}}}"
"{"BSSID":"c8:60:00:5d:33:48","HexSSID":"0x416b696f","SSID":"Akio","capabilities":"[WPA-PSK-CCMP+TKIP][WPA2-PSK-CCMP+TKIP][WPS][ESS]","distanceCm":-1,"distanceSdCm":-1,"frequency":2462,"level":-84,"timestamp":1463191328.622,"tsf":50523475334,"wifiSsid":{"SSID":"Akio","asciiBytes":4,"octets":{"buf":[65,107,105,111,0,0,0,0,0,0,0,0,0,0,0,0,0,0,0,0,0,0,0,0,0,0,0,0,0,0,0,0],"count":4}}}"
"{"BSSID":"c8:d3:a3:2f:60:98","HexSSID":"0x54544b2d39","SSID":"TTK-9","capabilities":"[WPA-PSK-CCMP][WPA2-PSK-CCMP][ESS]","distanceCm":-1,"distanceSdCm":-1,"frequency":2412,"level":-87,"timestamp":1463191328.623,"tsf":50523475804,"wifiSsid":{"SSID":"TTK-9","asciiBytes":5,"octets":{"buf":[84,84,75,45,57,0,0,0,0,0,0,0,0,0,0,0,0,0,0,0,0,0,0,0,0,0,0,0,0,0,0,0],"count":5}}}"
"{"BSSID":"00:22:b0:4b:7c:f3","HexSSID":"0x425554","SSID":"BUT","capabilities":"[WPA-PSK-CCMP+TKIP][WPA2-PSK-CCMP+TKIP][WPS][ESS]","distanceCm":-1,"distanceSdCm":-1,"frequency":2437,"level":-88,"timestamp":1463191328.628,"tsf":50523476331,"wifiSsid":{"SSID":"BUT","asciiBytes":3,"octets":{"buf":[66,85,84,0,0,0,0,0,0,0,0,0,0,0,0,0,0,0,0,0,0,0,0,0,0,0,0,0,0,0,0,0],"count":3}}}"
"{"BSSID":"c8:d3:a3:48:42:64","HexSSID":"0x4449522d3332304e5255","SSID":"DIR-320NRU","capabilities":"[WPA-PSK-TKIP][WPA2-PSK-TKIP][ESS]","distanceCm":-1,"distanceSdCm":-1,"frequency":2462,"level":-89,"timestamp":1463191328.636,"tsf":50523476743,"wifiSsid":{"SSID":"DIR-320NRU","asciiBytes":10,"octets":{"buf":[68,73,82,45,51,50,48,78,82,85,0,0,0,0,0,0,0,0,0,0,0,0,0,0,0,0,0,0,0,0,0,0],"count":10}}}"
"{"BSSID":"d0:5b:a8:c8:6a:29","HexSSID":"0x4d463930504c55535f433836413239","SSID":"MF90PLUS_C86A29","capabilities":"[WPA-PSK-CCMP+TKIP][WPA2-PSK-CCMP+TKIP][WPS][ESS]","distanceCm":-1,"distanceSdCm":-1,"frequency":2437,"level":-91,"timestamp":1463191328.639,"tsf":50523478407,"wifiSsid":{"SSID":"MF90PLUS_C86A29","asciiBytes":15,"octets":{"buf":[77,70,57,48,80,76,85,83,95,67,56,54,65,50,57,0,0,0,0,0,0,0,0,0,0,0,0,0,0,0,0,0],"count":15}}}"
"{"BSSID":"fc:75:16:48:05:06","HexSSID":"0x4449522d3332304e5255","SSID":"DIR-320NRU","capabilities":"[ESS]","distanceCm":-1,"distanceSdCm":-1,"frequency":2412,"level":-84,"timestamp":1463191328.64,"tsf":50523479446,"wifiSsid":{"SSID":"DIR-320NRU","asciiBytes":10,"octets":{"buf":[68,73,82,45,51,50,48,78,82,85,0,0,0,0,0,0,0,0,0,0,0,0,0,0,0,0,0,0,0,0,0,0],"count":10}}}"
"{"BSSID":"cc:b2:55:96:23:ba","HexSSID":"0x4449522d3332304e5255","SSID":"DIR-320NRU","capabilities":"[ESS]","distanceCm":-1,"distanceSdCm":-1,"frequency":2412,"level":-86,"timestamp":1463191328.646,"tsf":50523480423,"wifiSsid":{"SSID":"DIR-320NRU","asciiBytes":10,"octets":{"buf":[68,73,82,45,51,50,48,78,82,85,0,0,0,0,0,0,0,0,0,0,0,0,0,0,0,0,0,0,0,0,0,0],"count":10}}}"
"{"BSSID":"c4:a8:1d:d8:40:59","HexSSID":"0x526f7374656c65636f6d5f32","SSID":"Rostelecom_2","capabilities":"[WPA-PSK-CCMP][WPA2-PSK-CCMP][ESS]","distanceCm":-1,"distanceSdCm":-1,"frequency":2412,"level":-80,"timestamp":1463191328.648,"tsf":50523482402,"wifiSsid":{"SSID":"Rostelecom_2","asciiBytes":12,"octets":{"buf":[82,111,115,116,101,108,101,99,111,109,95,50,0,0,0,0,0,0,0,0,0,0,0,0,0,0,0,0,0,0,0,0],"count":12}}}"
"{"BSSID":"e8:94:f6:de:32:b0","HexSSID":"0x3130","SSID":"10","capabilities":"[WPA2-PSK-CCMP][WPS][ESS]","distanceCm":-1,"distanceSdCm":-1,"frequency":2447,"level":-83,"timestamp":1463191328.651,"tsf":50523484661,"wifiSsid":{"SSID":"10","asciiBytes":2,"octets":{"buf":[49,48,0,0,0,0,0,0,0,0,0,0,0,0,0,0,0,0,0,0,0,0,0,0,0,0,0,0,0,0,0,0],"count":2}}}"
"{"BSSID":"14:da:e9:bb:ae:18","HexSSID":"0x526f6f6d203634","SSID":"Room 64","capabilities":"[WPA2-PSK-CCMP][ESS]","distanceCm":-1,"distanceSdCm":-1,"frequency":2417,"level":-84,"timestamp":1463191328.653,"tsf":50523485427,"wifiSsid":{"SSID":"Room 64","asciiBytes":7,"octets":{"buf":[82,111,111,109,32,54,52,0,0,0,0,0,0,0,0,0,0,0,0,0,0,0,0,0,0,0,0,0,0,0,0,0],"count":7}}}"
"{"BSSID":"40:4a:03:ce:e5:bf","HexSSID":"0x4e455449532d3133353339","SSID":"NETIS-13539","capabilities":"[WPA2-PSK-CCMP][WPS][ESS]","distanceCm":-1,"distanceSdCm":-1,"frequency":2447,"level":-84,"timestamp":1463191328.656,"tsf":50523486202,"wifiSsid":{"SSID":"NETIS-13539","asciiBytes":11,"octets":{"buf":[78,69,84,73,83,45,49,51,53,51,57,0,0,0,0,0,0,0,0,0,0,0,0,0,0,0,0,0,0,0,0,0],"count":11}}}"
"{"BSSID":"60:e3:27:34:a4:3c","HexSSID":"0x7879695f76616d5f615f6e655f77692d6669","SSID":"xyi_vam_a_ne_wi-fi","capabilities":"[WPA2-PSK-CCMP][WPS][ESS]","distanceCm":-1,"distanceSdCm":-1,"frequency":2447,"level":-88,"timestamp":1463191328.661,"tsf":50523487309,"wifiSsid":{"SSID":"xyi_vam_a_ne_wi-fi","asciiBytes":18,"octets":{"buf":[120,121,105,95,118,97,109,95,97,95,110,101,95,119,105,45,102,105,0,0,0,0,0,0,0,0,0,0,0,0,0,0],"count":18}}}"
"{"BSSID":"24:cf:30:b8:0c:38","HexSSID":"0x41535553","SSID":"ASUS","capabilities":"[WPA2-PSK-CCMP][ESS]","distanceCm":-1,"distanceSdCm":-1,"frequency":2472,"level":-88,"timestamp":1463191328.662,"tsf":50523488437,"wifiSsid":{"SSID":"ASUS","asciiBytes":4,"octets":{"buf":[65,83,85,83,0,0,0,0,0,0,0,0,0,0,0,0,0,0,0,0,0,0,0,0,0,0,0,0,0,0,0,0],"count":4}}}"
"{"BSSID":"e4:8d:8c:97:74:f0","HexSSID":"0x4e455449532d3135383932","SSID":"NETIS-15892","capabilities":"[WPA-PSK-CCMP][WPA2-PSK-CCMP][ESS]","distanceCm":-1,"distanceSdCm":-1,"frequency":2412,"level":-88,"timestamp":1463191328.662,"tsf":50523489268,"wifiSsid":{"SSID":"NETIS-15892","asciiBytes":11,"octets":{"buf":[78,69,84,73,83,45,49,53,56,57,50,0,0,0,0,0,0,0,0,0,0,0,0,0,0,0,0,0,0,0,0,0],"count":11}}}"
"{"BSSID":"c4:6e:1f:e2:56:ac","HexSSID":"0x4b6f74696b69","SSID":"Kotiki","capabilities":"[WPA-PSK-CCMP+TKIP][WPA2-PSK-CCMP+TKIP][WPS][ESS]","distanceCm":-1,"distanceSdCm":-1,"frequency":2437,"level":-88,"timestamp":1463191328.663,"tsf":50523490608,"wifiSsid":{"SSID":"Kotiki","asciiBytes":6,"octets":{"buf":[75,111,116,105,107,105,0,0,0,0,0,0,0,0,0,0,0,0,0,0,0,0,0,0,0,0,0,0,0,0,0,0],"count":6}}}"
"{"BSSID":"30:b5:c2:8a:3d:dc","HexSSID":"0x526f6f6d313331","SSID":"Room131","capabilities":"[WPA-PSK-CCMP+TKIP][WPA2-PSK-CCMP+TKIP][WPS][ESS]","distanceCm":-1,"distanceSdCm":-1,"frequency":2437,"level":-88,"timestamp":1463191328.663,"tsf":50523491310,"wifiSsid":{"SSID":"Room131","asciiBytes":7,"octets":{"buf":[82,111,111,109,49,51,49,0,0,0,0,0,0,0,0,0,0,0,0,0,0,0,0,0,0,0,0,0,0,0,0,0],"count":7}}}"
"{"BSSID":"f8:c0:91:13:d0:13","HexSSID":"0x726f6f6d3336","SSID":"room36","capabilities":"[WPA2-PSK-CCMP+TKIP][WPS][ESS]","distanceCm":-1,"distanceSdCm":-1,"frequency":2452,"level":-90,"timestamp":1463191328.664,"tsf":50523492230,"wifiSsid":{"SSID":"room36","asciiBytes":6,"octets":{"buf":[114,111,111,109,51,54,0,0,0,0,0,0,0,0,0,0,0,0,0,0,0,0,0,0,0,0,0,0,0,0,0,0],"count":6}}}"
"{"BSSID":"f8:1a:67:65:18:62","HexSSID":"0x726f6f6d20313235","SSID":"room 125","capabilities":"[WPS][WEP][ESS]","distanceCm":-1,"distanceSdCm":-1,"frequency":2412,"level":-89,"timestamp":1463191328.665,"tsf":50523493316,"wifiSsid":{"SSID":"room 125","asciiBytes":8,"octets":{"buf":[114,111,111,109,32,49,50,53,0,0,0,0,0,0,0,0,0,0,0,0,0,0,0,0,0,0,0,0,0,0,0,0],"count":8}}}"
"{"BSSID":"dc:9f:db:00:b5:b8","HexSSID":"0x","SSID":"","capabilities":"[ESS]","distanceCm":-1,"distanceSdCm":-1,"frequency":2432,"level":-87,"timestamp":1463191328.665,"tsf":50523494047,"wifiSsid":{"SSID":"","asciiBytes":0,"octets":{"buf":[0,0,0,0,0,0,0,0,0,0,0,0,0,0,0,0,0,0,0,0,0,0,0,0,0,0,0,0,0,0,0,0],"count":0}}}"
"{"BSSID":"c4:a8:1d:d8:40:59","HexSSID":"0x526f7374656c65636f6d5f32","SSID":"Rostelecom_2","capabilities":"[WPA-PSK-CCMP][WPA2-PSK-CCMP][ESS]","distanceCm":-1,"distanceSdCm":-1,"frequency":2412,"level":-80,"timestamp":1463191388.581,"tsf":50583469112,"wifiSsid":{"SSID":"Rostelecom_2","asciiBytes":12,"octets":{"buf":[82,111,115,116,101,108,101,99,111,109,95,50,0,0,0,0,0,0,0,0,0,0,0,0,0,0,0,0,0,0,0,0],"count":12}}}"
"{"BSSID":"e8:94:f6:de:32:b0","HexSSID":"0x3130","SSID":"10","capabilities":"[WPA2-PSK-CCMP][WPS][ESS]","distanceCm":-1,"distanceSdCm":-1,"frequency":2447,"level":-83,"timestamp":1463191388.582,"tsf":50583470079,"wifiSsid":{"SSID":"10","asciiBytes":2,"octets":{"buf":[49,48,0,0,0,0,0,0,0,0,0,0,0,0,0,0,0,0,0,0,0,0,0,0,0,0,0,0,0,0,0,0],"count":2}}}"
"{"BSSID":"14:da:e9:bb:ae:18","HexSSID":"0x526f6f6d203634","SSID":"Room 64","capabilities":"[WPA2-PSK-CCMP][ESS]","distanceCm":-1,"distanceSdCm":-1,"frequency":2417,"level":-84,"timestamp":1463191388.582,"tsf":50583470437,"wifiSsid":{"SSID":"Room 64","asciiBytes":7,"octets":{"buf":[82,111,111,109,32,54,52,0,0,0,0,0,0,0,0,0,0,0,0,0,0,0,0,0,0,0,0,0,0,0,0,0],"count":7}}}"
"{"BSSID":"40:4a:03:ce:e5:bf","HexSSID":"0x4e455449532d3133353339","SSID":"NETIS-13539","capabilities":"[WPA2-PSK-CCMP][WPS][ESS]","distanceCm":-1,"distanceSdCm":-1,"frequency":2447,"level":-84,"timestamp":1463191388.583,"tsf":50583471996,"wifiSsid":{"SSID":"NETIS-13539","asciiBytes":11,"octets":{"buf":[78,69,84,73,83,45,49,51,53,51,57,0,0,0,0,0,0,0,0,0,0,0,0,0,0,0,0,0,0,0,0,0],"count":11}}}"
"{"BSSID":"60:e3:27:34:a4:3c","HexSSID":"0x7879695f76616d5f615f6e655f77692d6669","SSID":"xyi_vam_a_ne_wi-fi","capabilities":"[WPA2-PSK-CCMP][WPS][ESS]","distanceCm":-1,"distanceSdCm":-1,"frequency":2447,"level":-88,"timestamp":1463191388.591,"tsf":50583472814,"wifiSsid":{"SSID":"xyi_vam_a_ne_wi-fi","asciiBytes":18,"octets":{"buf":[120,121,105,95,118,97,109,95,97,95,110,101,95,119,105,45,102,105,0,0,0,0,0,0,0,0,0,0,0,0,0,0],"count":18}}}"
"{"BSSID":"24:cf:30:b8:0c:38","HexSSID":"0x41535553","SSID":"ASUS","capabilities":"[WPA2-PSK-CCMP][ESS]","distanceCm":-1,"distanceSdCm":-1,"frequency":2472,"level":-88,"timestamp":1463191388.599,"tsf":50583474470,"wifiSsid":{"SSID":"ASUS","asciiBytes":4,"octets":{"buf":[65,83,85,83,0,0,0,0,0,0,0,0,0,0,0,0,0,0,0,0,0,0,0,0,0,0,0,0,0,0,0,0],"count":4}}}"
"{"BSSID":"e4:8d:8c:97:74:f0","HexSSID":"0x4e455449532d3135383932","SSID":"NETIS-15892","capabilities":"[WPA-PSK-CCMP][WPA2-PSK-CCMP][ESS]","distanceCm":-1,"distanceSdCm":-1,"frequency":2412,"level":-88,"timestamp":1463191388.602,"tsf":50583475083,"wifiSsid":{"SSID":"NETIS-15892","asciiBytes":11,"octets":{"buf":[78,69,84,73,83,45,49,53,56,57,50,0,0,0,0,0,0,0,0,0,0,0,0,0,0,0,0,0,0,0,0,0],"count":11}}}"
"{"BSSID":"c4:6e:1f:e2:56:ac","HexSSID":"0x4b6f74696b69","SSID":"Kotiki","capabilities":"[WPA-PSK-CCMP+TKIP][WPA2-PSK-CCMP+TKIP][WPS][ESS]","distanceCm":-1,"distanceSdCm":-1,"frequency":2437,"level":-88,"timestamp":1463191388.607,"tsf":50583477261,"wifiSsid":{"SSID":"Kotiki","asciiBytes":6,"octets":{"buf":[75,111,116,105,107,105,0,0,0,0,0,0,0,0,0,0,0,0,0,0,0,0,0,0,0,0,0,0,0,0,0,0],"count":6}}}"
"{"BSSID":"30:b5:c2:8a:3d:dc","HexSSID":"0x526f6f6d313331","SSID":"Room131","capabilities":"[WPA-PSK-CCMP+TKIP][WPA2-PSK-CCMP+TKIP][WPS][ESS]","distanceCm":-1,"distanceSdCm":-1,"frequency":2437,"level":-88,"timestamp":1463191388.611,"tsf":50583477786,"wifiSsid":{"SSID":"Room131","asciiBytes":7,"octets":{"buf":[82,111,111,109,49,51,49,0,0,0,0,0,0,0,0,0,0,0,0,0,0,0,0,0,0,0,0,0,0,0,0,0],"count":7}}}"
"{"BSSID":"f8:c0:91:13:d0:13","HexSSID":"0x726f6f6d3336","SSID":"room36","capabilities":"[WPA2-PSK-CCMP+TKIP][WPS][ESS]","distanceCm":-1,"distanceSdCm":-1,"frequency":2452,"level":-90,"timestamp":1463191388.615,"tsf":50583478323,"wifiSsid":{"SSID":"room36","asciiBytes":6,"octets":{"buf":[114,111,111,109,51,54,0,0,0,0,0,0,0,0,0,0,0,0,0,0,0,0,0,0,0,0,0,0,0,0,0,0],"count":6}}}"
"{"BSSID":"f8:1a:67:65:18:62","HexSSID":"0x726f6f6d20313235","SSID":"room 125","capabilities":"[WPS][WEP][ESS]","distanceCm":-1,"distanceSdCm":-1,"frequency":2412,"level":-89,"timestamp":1463191388.618,"tsf":50583479271,"wifiSsid":{"SSID":"room 125","asciiBytes":8,"octets":{"buf":[114,111,111,109,32,49,50,53,0,0,0,0,0,0,0,0,0,0,0,0,0,0,0,0,0,0,0,0,0,0,0,0],"count":8}}}"
"{"BSSID":"dc:9f:db:00:b5:b8","HexSSID":"0x","SSID":"","capabilities":"[ESS]","distanceCm":-1,"distanceSdCm":-1,"frequency":2432,"level":-87,"timestamp":1463191388.621,"tsf":50583480187,"wifiSsid":{"SSID":"","asciiBytes":0,"octets":{"buf":[0,0,0,0,0,0,0,0,0,0,0,0,0,0,0,0,0,0,0,0,0,0,0,0,0,0,0,0,0,0,0,0],"count":0}}}"
"{"BSSID":"00:1f:c6:44:2d:72","HexSSID":"0x524f4f46","SSID":"ROOF","capabilities":"[WPA-PSK-TKIP][WPA2-PSK-TKIP][ESS]","distanceCm":-1,"distanceSdCm":-1,"frequency":2442,"level":-81,"timestamp":1463191388.624,"tsf":50583480377,"wifiSsid":{"SSID":"ROOF","asciiBytes":4,"octets":{"buf":[82,79,79,70,0,0,0,0,0,0,0,0,0,0,0,0,0,0,0,0,0,0,0,0,0,0,0,0,0,0,0,0],"count":4}}}"
"{"BSSID":"10:fe:ed:3c:fe:3e","HexSSID":"0x54502d4c494e4b2d4d52333232307632","SSID":"TP-LINK-MR3220v2","capabilities":"[WPA-PSK-CCMP+TKIP][WPA2-PSK-CCMP+TKIP][WPS][ESS]","distanceCm":-1,"distanceSdCm":-1,"frequency":2442,"level":-88,"timestamp":1463191388.625,"tsf":50583481164,"wifiSsid":{"SSID":"TP-LINK-MR3220v2","asciiBytes":16,"octets":{"buf":[84,80,45,76,73,78,75,45,77,82,51,50,50,48,118,50,0,0,0,0,0,0,0,0,0,0,0,0,0,0,0,0],"count":16}}}"
"{"BSSID":"00:1f:c6:44:2d:72","HexSSID":"0x524f4f46","SSID":"ROOF","capabilities":"[WPA-PSK-TKIP][WPA2-PSK-TKIP][ESS]","distanceCm":-1,"distanceSdCm":-1,"frequency":2442,"level":-81,"timestamp":1463191482.545,"tsf":50677445848,"wifiSsid":{"SSID":"ROOF","asciiBytes":4,"octets":{"buf":[82,79,79,70,0,0,0,0,0,0,0,0,0,0,0,0,0,0,0,0,0,0,0,0,0,0,0,0,0,0,0,0],"count":4}}}"
"{"BSSID":"10:fe:ed:3c:fe:3e","HexSSID":"0x54502d4c494e4b2d4d52333232307632","SSID":"TP-LINK-MR3220v2","capabilities":"[WPA-PSK-CCMP+TKIP][WPA2-PSK-CCMP+TKIP][WPS][ESS]","distanceCm":-1,"distanceSdCm":-1,"frequency":2442,"level":-88,"timestamp":1463191482.546,"tsf":50677446349,"wifiSsid":{"SSID":"TP-LINK-MR3220v2","asciiBytes":16,"octets":{"buf":[84,80,45,76,73,78,75,45,77,82,51,50,50,48,118,50,0,0,0,0,0,0,0,0,0,0,0,0,0,0,0,0],"count":16}}}"
"{"BSSID":"e8:94:f6:3f:09:a1","HexSSID":"0x54502d4c494e4b5f322e3447487a5f334630394131","SSID":"TP-LINK_2.4GHz_3F09A1","capabilities":"[WPA-PSK-CCMP][WPA2-PSK-CCMP][WPS][ESS]","distanceCm":-1,"distanceSdCm":-1,"frequency":2412,"level":-76,"timestamp":1463191482.55,"tsf":50677447113,"wifiSsid":{"SSID":"TP-LINK_2.4GHz_3F09A1","asciiBytes":21,"octets":{"buf":[84,80,45,76,73,78,75,95,50,46,52,71,72,122,95,51,70,48,57,65,49,0,0,0,0,0,0,0,0,0,0,0],"count":21}}}"
"{"BSSID":"f8:1a:67:7d:8c:10","HexSSID":"0x54502d4c494e4b5f374438433130","SSID":"TP-LINK_7D8C10","capabilities":"[WPA2-PSK-CCMP][WPS][ESS]","distanceCm":-1,"distanceSdCm":-1,"frequency":2422,"level":-89,"timestamp":1463191482.552,"tsf":50677448028,"wifiSsid":{"SSID":"TP-LINK_7D8C10","asciiBytes":14,"octets":{"buf":[84,80,45,76,73,78,75,95,55,68,56,67,49,48,0,0,0,0,0,0,0,0,0,0,0,0,0,0,0,0,0,0],"count":14}}}"
"{"BSSID":"28:10:7b:99:7d:77","HexSSID":"0x44534c5f323634304e5255","SSID":"DSL_2640NRU","capabilities":"[WPA2-PSK-CCMP+TKIP][WPS][ESS]","distanceCm":-1,"distanceSdCm":-1,"frequency":2437,"level":-91,"timestamp":1463191482.563,"tsf":50677450680,"wifiSsid":{"SSID":"DSL_2640NRU","asciiBytes":11,"octets":{"buf":[68,83,76,95,50,54,52,48,78,82,85,0,0,0,0,0,0,0,0,0,0,0,0,0,0,0,0,0,0,0,0,0],"count":11}}}"
"{"BSSID":"e8:94:f6:3f:09:a1","HexSSID":"0x54502d4c494e4b5f322e3447487a5f334630394131","SSID":"TP-LINK_2.4GHz_3F09A1","capabilities":"[WPA-PSK-CCMP][WPA2-PSK-CCMP][WPS][ESS]","distanceCm":-1,"distanceSdCm":-1,"frequency":2412,"level":-76,"timestamp":1463191506.641,"tsf":50701755981,"wifiSsid":{"SSID":"TP-LINK_2.4GHz_3F09A1","asciiBytes":21,"octets":{"buf":[84,80,45,76,73,78,75,95,50,46,52,71,72,122,95,51,70,48,57,65,49,0,0,0,0,0,0,0,0,0,0,0],"count":21}}}"
"{"BSSID":"f8:1a:67:7d:8c:10","HexSSID":"0x54502d4c494e4b5f374438433130","SSID":"TP-LINK_7D8C10","capabilities":"[WPA2-PSK-CCMP][WPS][ESS]","distanceCm":-1,"distanceSdCm":-1,"frequency":2422,"level":-89,"timestamp":1463191506.641,"tsf":50701757481,"wifiSsid":{"SSID":"TP-LINK_7D8C10","asciiBytes":14,"octets":{"buf":[84,80,45,76,73,78,75,95,55,68,56,67,49,48,0,0,0,0,0,0,0,0,0,0,0,0,0,0,0,0,0,0],"count":14}}}"
"{"BSSID":"28:10:7b:99:7d:77","HexSSID":"0x44534c5f323634304e5255","SSID":"DSL_2640NRU","capabilities":"[WPA2-PSK-CCMP+TKIP][WPS][ESS]","distanceCm":-1,"distanceSdCm":-1,"frequency":2437,"level":-91,"timestamp":1463191506.642,"tsf":50701759133,"wifiSsid":{"SSID":"DSL_2640NRU","asciiBytes":11,"octets":{"buf":[68,83,76,95,50,54,52,48,78,82,85,0,0,0,0,0,0,0,0,0,0,0,0,0,0,0,0,0,0,0,0,0],"count":11}}}"
"{"BSSID":"c8:d3:a3:4a:a5:6a","HexSSID":"0x4449522d3332304e5255","SSID":"DIR-320NRU","capabilities":"[WPA2-PSK-TKIP][ESS]","distanceCm":-1,"distanceSdCm":-1,"frequency":2437,"level":-87,"timestamp":1463191506.646,"tsf":50701760552,"wifiSsid":{"SSID":"DIR-320NRU","asciiBytes":10,"octets":{"buf":[68,73,82,45,51,50,48,78,82,85,0,0,0,0,0,0,0,0,0,0,0,0,0,0,0,0,0,0,0,0,0,0],"count":10}}}"
"{"BSSID":"c8:d3:a3:4a:a5:6a","HexSSID":"0x4449522d3332304e5255","SSID":"DIR-320NRU","capabilities":"[WPA2-PSK-TKIP][ESS]","distanceCm":-1,"distanceSdCm":-1,"frequency":2437,"level":-87,"timestamp":1463191557.608,"tsf":50752721679,"wifiSsid":{"SSID":"DIR-320NRU","asciiBytes":10,"octets":{"buf":[68,73,82,45,51,50,48,78,82,85,0,0,0,0,0,0,0,0,0,0,0,0,0,0,0,0,0,0,0,0,0,0],"count":10}}}"
"{"BSSID":"10:fe:ed:68:2b:4a","HexSSID":"0x4d65647465784d6f73636f77","SSID":"MedtexMoscow","capabilities":"[WPA2-PSK-CCMP][WPS][ESS]","distanceCm":-1,"distanceSdCm":-1,"frequency":2442,"level":-77,"timestamp":1463191557.613,"tsf":50752722499,"wifiSsid":{"SSID":"MedtexMoscow","asciiBytes":12,"octets":{"buf":[77,101,100,116,101,120,77,111,115,99,111,119,0,0,0,0,0,0,0,0,0,0,0,0,0,0,0,0,0,0,0,0],"count":12}}}"
"{"BSSID":"d4:ca:6d:ce:ab:bb","HexSSID":"0x","SSID":"","capabilities":"[ESS]","distanceCm":-1,"distanceSdCm":-1,"frequency":5180,"level":-83,"timestamp":1463191557.616,"tsf":50752723060,"wifiSsid":{"SSID":"","asciiBytes":0,"octets":{"buf":[0,0,0,0,0,0,0,0,0,0,0,0,0,0,0,0,0,0,0,0,0,0,0,0,0,0,0,0,0,0,0,0],"count":0}}}"
"{"BSSID":"4c:5e:0c:53:be:07","HexSSID":"0x4575726f4d6f746f72","SSID":"EuroMotor","capabilities":"[WPA2-PSK-CCMP][ESS]","distanceCm":-1,"distanceSdCm":-1,"frequency":2412,"level":-81,"timestamp":1463191557.618,"tsf":50752723231,"wifiSsid":{"SSID":"EuroMotor","asciiBytes":9,"octets":{"buf":[69,117,114,111,77,111,116,111,114,0,0,0,0,0,0,0,0,0,0,0,0,0,0,0,0,0,0,0,0,0,0,0],"count":9}}}"
"{"BSSID":"2a:28:5d:e0:4a:1a","HexSSID":"0x31784775657374","SSID":"1xGuest","capabilities":"[WPA-PSK-CCMP+TKIP][WPA2-PSK-CCMP+TKIP][ESS]","distanceCm":-1,"distanceSdCm":-1,"frequency":2457,"level":-82,"timestamp":1463191557.622,"tsf":50752723737,"wifiSsid":{"SSID":"1xGuest","asciiBytes":7,"octets":{"buf":[49,120,71,117,101,115,116,0,0,0,0,0,0,0,0,0,0,0,0,0,0,0,0,0,0,0,0,0,0,0,0,0],"count":7}}}"
"{"BSSID":"28:28:5d:e0:4a:1a","HexSSID":"0x42504d534b","SSID":"BPMSK","capabilities":"[WPA2-PSK-CCMP][WPS][ESS]","distanceCm":-1,"distanceSdCm":-1,"frequency":2457,"level":-83,"timestamp":1463191557.623,"tsf":50752724170,"wifiSsid":{"SSID":"BPMSK","asciiBytes":5,"octets":{"buf":[66,80,77,83,75,0,0,0,0,0,0,0,0,0,0,0,0,0,0,0,0,0,0,0,0,0,0,0,0,0,0,0],"count":5}}}"
"{"BSSID":"bc:f6:85:cb:f2:48","HexSSID":"0x4d616a5a68756b","SSID":"MajZhuk","capabilities":"[WPA2-PSK-CCMP][ESS]","distanceCm":-1,"distanceSdCm":-1,"frequency":2442,"level":-86,"timestamp":1463191557.624,"tsf":50752724545,"wifiSsid":{"SSID":"MajZhuk","asciiBytes":7,"octets":{"buf":[77,97,106,90,104,117,107,0,0,0,0,0,0,0,0,0,0,0,0,0,0,0,0,0,0,0,0,0,0,0,0,0],"count":7}}}"
"{"BSSID":"04:18:d6:f4:e3:cd","HexSSID":"0x","SSID":"","capabilities":"[WPA2-PSK-CCMP][ESS]","distanceCm":-1,"distanceSdCm":-1,"frequency":2462,"level":-88,"timestamp":1463191557.626,"tsf":50752724944,"wifiSsid":{"SSID":"","asciiBytes":0,"octets":{"buf":[0,0,0,0,0,0,0,0,0,0,0,0,0,0,0,0,0,0,0,0,0,0,0,0,0,0,0,0,0,0,0,0],"count":0}}}"
"{"BSSID":"ac:cf:23:71:27:5f","HexSSID":"0x42582d576946692d42303435303131353130313630303638","SSID":"BX-WiFi-B045011510160068","capabilities":"[ESS]","distanceCm":-1,"distanceSdCm":-1,"frequency":2412,"level":-69,"timestamp":1463191557.627,"tsf":50752725112,"wifiSsid":{"SSID":"BX-WiFi-B045011510160068","asciiBytes":24,"octets":{"buf":[66,88,45,87,105,70,105,45,66,48,52,53,48,49,49,53,49,48,49,54,48,48,54,56,0,0,0,0,0,0,0,0],"count":24}}}"
"{"BSSID":"10:fe:ed:68:2b:4a","HexSSID":"0x4d65647465784d6f73636f77","SSID":"MedtexMoscow","capabilities":"[WPA2-PSK-CCMP][WPS][ESS]","distanceCm":-1,"distanceSdCm":-1,"frequency":2442,"level":-77,"timestamp":1463191639.636,"tsf":50833960242,"wifiSsid":{"SSID":"MedtexMoscow","asciiBytes":12,"octets":{"buf":[77,101,100,116,101,120,77,111,115,99,111,119,0,0,0,0,0,0,0,0,0,0,0,0,0,0,0,0,0,0,0,0],"count":12}}}"
"{"BSSID":"d4:ca:6d:ce:ab:bb","HexSSID":"0x","SSID":"","capabilities":"[ESS]","distanceCm":-1,"distanceSdCm":-1,"frequency":5180,"level":-83,"timestamp":1463191639.639,"tsf":50833961035,"wifiSsid":{"SSID":"","asciiBytes":0,"octets":{"buf":[0,0,0,0,0,0,0,0,0,0,0,0,0,0,0,0,0,0,0,0,0,0,0,0,0,0,0,0,0,0,0,0],"count":0}}}"
"{"BSSID":"4c:5e:0c:53:be:07","HexSSID":"0x4575726f4d6f746f72","SSID":"EuroMotor","capabilities":"[WPA2-PSK-CCMP][ESS]","distanceCm":-1,"distanceSdCm":-1,"frequency":2412,"level":-81,"timestamp":1463191639.642,"tsf":50833961997,"wifiSsid":{"SSID":"EuroMotor","asciiBytes":9,"octets":{"buf":[69,117,114,111,77,111,116,111,114,0,0,0,0,0,0,0,0,0,0,0,0,0,0,0,0,0,0,0,0,0,0,0],"count":9}}}"
"{"BSSID":"2a:28:5d:e0:4a:1a","HexSSID":"0x31784775657374","SSID":"1xGuest","capabilities":"[WPA-PSK-CCMP+TKIP][WPA2-PSK-CCMP+TKIP][ESS]","distanceCm":-1,"distanceSdCm":-1,"frequency":2457,"level":-82,"timestamp":1463191639.65,"tsf":50833962619,"wifiSsid":{"SSID":"1xGuest","asciiBytes":7,"octets":{"buf":[49,120,71,117,101,115,116,0,0,0,0,0,0,0,0,0,0,0,0,0,0,0,0,0,0,0,0,0,0,0,0,0],"count":7}}}"
"{"BSSID":"28:28:5d:e0:4a:1a","HexSSID":"0x42504d534b","SSID":"BPMSK","capabilities":"[WPA2-PSK-CCMP][WPS][ESS]","distanceCm":-1,"distanceSdCm":-1,"frequency":2457,"level":-83,"timestamp":1463191639.661,"tsf":50833963091,"wifiSsid":{"SSID":"BPMSK","asciiBytes":5,"octets":{"buf":[66,80,77,83,75,0,0,0,0,0,0,0,0,0,0,0,0,0,0,0,0,0,0,0,0,0,0,0,0,0,0,0],"count":5}}}"
"{"BSSID":"bc:f6:85:cb:f2:48","HexSSID":"0x4d616a5a68756b","SSID":"MajZhuk","capabilities":"[WPA2-PSK-CCMP][ESS]","distanceCm":-1,"distanceSdCm":-1,"frequency":2442,"level":-86,"timestamp":1463191639.664,"tsf":50833963499,"wifiSsid":{"SSID":"MajZhuk","asciiBytes":7,"octets":{"buf":[77,97,106,90,104,117,107,0,0,0,0,0,0,0,0,0,0,0,0,0,0,0,0,0,0,0,0,0,0,0,0,0],"count":7}}}"
"{"BSSID":"04:18:d6:f4:e3:cd","HexSSID":"0x","SSID":"","capabilities":"[WPA2-PSK-CCMP][ESS]","distanceCm":-1,"distanceSdCm":-1,"frequency":2462,"level":-88,"timestamp":1463191639.666,"tsf":50833963902,"wifiSsid":{"SSID":"","asciiBytes":0,"octets":{"buf":[0,0,0,0,0,0,0,0,0,0,0,0,0,0,0,0,0,0,0,0,0,0,0,0,0,0,0,0,0,0,0,0],"count":0}}}"
"{"BSSID":"ac:cf:23:71:27:5f","HexSSID":"0x42582d576946692d42303435303131353130313630303638","SSID":"BX-WiFi-B045011510160068","capabilities":"[ESS]","distanceCm":-1,"distanceSdCm":-1,"frequency":2412,"level":-69,"timestamp":1463191639.668,"tsf":50833964076,"wifiSsid":{"SSID":"BX-WiFi-B045011510160068","asciiBytes":24,"octets":{"buf":[66,88,45,87,105,70,105,45,66,48,52,53,48,49,49,53,49,48,49,54,48,48,54,56,0,0,0,0,0,0,0,0],"count":24}}}"
"{"BSSID":"d4:21:22:5c:aa:66","HexSSID":"0x536d6172745f626f782d3538","SSID":"Smart_box-58","capabilities":"[WPA-PSK-TKIP][WPA2-PSK-CCMP][WPS][ESS]","distanceCm":-1,"distanceSdCm":-1,"frequency":2457,"level":-84,"timestamp":1463191639.67,"tsf":50833965141,"wifiSsid":{"SSID":"Smart_box-58","asciiBytes":12,"octets":{"buf":[83,109,97,114,116,95,98,111,120,45,53,56,0,0,0,0,0,0,0,0,0,0,0,0,0,0,0,0,0,0,0,0],"count":12}}}"
"{"BSSID":"f0:84:c9:57:c7:50","HexSSID":"0x576946692d444f4d2e72752d33383932","SSID":"WiFi-DOM.ru-3892","capabilities":"[WPA-PSK-CCMP+TKIP][WPA2-PSK-CCMP+TKIP][ESS]","distanceCm":-1,"distanceSdCm":-1,"frequency":2462,"level":-87,"timestamp":1463191639.675,"tsf":50833965786,"wifiSsid":{"SSID":"WiFi-DOM.ru-3892","asciiBytes":16,"octets":{"buf":[87,105,70,105,45,68,79,77,46,114,117,45,51,56,57,50,0,0,0,0,0,0,0,0,0,0,0,0,0,0,0,0],"count":16}}}"
"{"BSSID":"ec:43:f6:06:48:18","HexSSID":"0x444f4d6e6574","SSID":"DOMnet","capabilities":"[WPA-PSK-CCMP+TKIP][WPA2-PSK-CCMP+TKIP][WPS][ESS]","distanceCm":-1,"distanceSdCm":-1,"frequency":2462,"level":-87,"timestamp":1463191639.677,"tsf":50833966526,"wifiSsid":{"SSID":"DOMnet","asciiBytes":6,"octets":{"buf":[68,79,77,110,101,116,0,0,0,0,0,0,0,0,0,0,0,0,0,0,0,0,0,0,0,0,0,0,0,0,0,0],"count":6}}}"
"{"BSSID":"d4:21:22:5c:aa:66","HexSSID":"0x536d6172745f626f782d3538","SSID":"Smart_box-58","capabilities":"[WPA-PSK-TKIP][WPA2-PSK-CCMP][WPS][ESS]","distanceCm":-1,"distanceSdCm":-1,"frequency":2457,"level":-84,"timestamp":1463191688.525,"tsf":50883064125,"wifiSsid":{"SSID":"Smart_box-58","asciiBytes":12,"octets":{"buf":[83,109,97,114,116,95,98,111,120,45,53,56,0,0,0,0,0,0,0,0,0,0,0,0,0,0,0,0,0,0,0,0],"count":12}}}"
"{"BSSID":"f0:84:c9:57:c7:50","HexSSID":"0x576946692d444f4d2e72752d33383932","SSID":"WiFi-DOM.ru-3892","capabilities":"[WPA-PSK-CCMP+TKIP][WPA2-PSK-CCMP+TKIP][ESS]","distanceCm":-1,"distanceSdCm":-1,"frequency":2462,"level":-87,"timestamp":1463191688.53,"tsf":50883064897,"wifiSsid":{"SSID":"WiFi-DOM.ru-3892","asciiBytes":16,"octets":{"buf":[87,105,70,105,45,68,79,77,46,114,117,45,51,56,57,50,0,0,0,0,0,0,0,0,0,0,0,0,0,0,0,0],"count":16}}}"
"{"BSSID":"ec:43:f6:06:48:18","HexSSID":"0x444f4d6e6574","SSID":"DOMnet","capabilities":"[WPA-PSK-CCMP+TKIP][WPA2-PSK-CCMP+TKIP][WPS][ESS]","distanceCm":-1,"distanceSdCm":-1,"frequency":2462,"level":-87,"timestamp":1463191688.531,"tsf":50883065658,"wifiSsid":{"SSID":"DOMnet","asciiBytes":6,"octets":{"buf":[68,79,77,110,101,116,0,0,0,0,0,0,0,0,0,0,0,0,0,0,0,0,0,0,0,0,0,0,0,0,0,0],"count":6}}}"
"{"BSSID":"28:28:5d:6c:3c:e8","HexSSID":"0x4b65656e657469632d37353735","SSID":"Keenetic-7575","capabilities":"[WPA2-PSK-CCMP][WPS][ESS]","distanceCm":-1,"distanceSdCm":-1,"frequency":2417,"level":-80,"timestamp":1463191688.534,"tsf":50883066083,"wifiSsid":{"SSID":"Keenetic-7575","asciiBytes":13,"octets":{"buf":[75,101,101,110,101,116,105,99,45,55,53,55,53,0,0,0,0,0,0,0,0,0,0,0,0,0,0,0,0,0,0,0],"count":13}}}"
"{"BSSID":"bc:f6:85:fa:37:40","HexSSID":"0x776966692d61646d696e","SSID":"wifi-admin","capabilities":"[WPA-PSK-CCMP+TKIP][WPA2-PSK-CCMP+TKIP][ESS]","distanceCm":-1,"distanceSdCm":-1,"frequency":2462,"level":-85,"timestamp":1463191688.537,"tsf":50883066746,"wifiSsid":{"SSID":"wifi-admin","asciiBytes":10,"octets":{"buf":[119,105,102,105,45,97,100,109,105,110,0,0,0,0,0,0,0,0,0,0,0,0,0,0,0,0,0,0,0,0,0,0],"count":10}}}"
"{"BSSID":"bc:f6:85:fa:37:41","HexSSID":"0x776966692d79737475","SSID":"wifi-ystu","capabilities":"[ESS]","distanceCm":-1,"distanceSdCm":-1,"frequency":2462,"level":-83,"timestamp":1463191688.556,"tsf":50883067281,"wifiSsid":{"SSID":"wifi-ystu","asciiBytes":9,"octets":{"buf":[119,105,102,105,45,121,115,116,117,0,0,0,0,0,0,0,0,0,0,0,0,0,0,0,0,0,0,0,0,0,0,0],"count":9}}}"
"{"BSSID":"c4:0a:cb:5c:d6:30","HexSSID":"0x73747564656e7473","SSID":"students","capabilities":"[ESS]","distanceCm":-1,"distanceSdCm":-1,"frequency":2422,"level":-89,"timestamp":1463191688.557,"tsf":50883067785,"wifiSsid":{"SSID":"students","asciiBytes":8,"octets":{"buf":[115,116,117,100,101,110,116,115,0,0,0,0,0,0,0,0,0,0,0,0,0,0,0,0,0,0,0,0,0,0,0,0],"count":8}}}"
"{"BSSID":"bc:f6:85:fa:37:e1","HexSSID":"0x776966692d79737475","SSID":"wifi-ystu","capabilities":"[ESS]","distanceCm":-1,"distanceSdCm":-1,"frequency":2462,"level":-89,"timestamp":1463191688.558,"tsf":50883068252,"wifiSsid":{"SSID":"wifi-ystu","asciiBytes":9,"octets":{"buf":[119,105,102,105,45,121,115,116,117,0,0,0,0,0,0,0,0,0,0,0,0,0,0,0,0,0,0,0,0,0,0,0],"count":9}}}"
"{"BSSID":"bc:f6:85:fa:3a:a1","HexSSID":"0x776966692d79737475","SSID":"wifi-ystu","capabilities":"[ESS]","distanceCm":-1,"distanceSdCm":-1,"frequency":2462,"level":-89,"timestamp":1463191688.558,"tsf":50883068751,"wifiSsid":{"SSID":"wifi-ystu","asciiBytes":9,"octets":{"buf":[119,105,102,105,45,121,115,116,117,0,0,0,0,0,0,0,0,0,0,0,0,0,0,0,0,0,0,0,0,0,0,0],"count":9}}}"
"{"BSSID":"28:28:5d:6c:3c:e8","HexSSID":"0x4b65656e657469632d37353735","SSID":"Keenetic-7575","capabilities":"[WPA2-PSK-CCMP][WPS][ESS]","distanceCm":-1,"distanceSdCm":-1,"frequency":2417,"level":-80,"timestamp":1463191780.526,"tsf":50975063095,"wifiSsid":{"SSID":"Keenetic-7575","asciiBytes":13,"octets":{"buf":[75,101,101,110,101,116,105,99,45,55,53,55,53,0,0,0,0,0,0,0,0,0,0,0,0,0,0,0,0,0,0,0],"count":13}}}"
"{"BSSID":"bc:f6:85:fa:37:40","HexSSID":"0x776966692d61646d696e","SSID":"wifi-admin","capabilities":"[WPA-PSK-CCMP+TKIP][WPA2-PSK-CCMP+TKIP][ESS]","distanceCm":-1,"distanceSdCm":-1,"frequency":2462,"level":-85,"timestamp":1463191780.527,"tsf":50975064967,"wifiSsid":{"SSID":"wifi-admin","asciiBytes":10,"octets":{"buf":[119,105,102,105,45,97,100,109,105,110,0,0,0,0,0,0,0,0,0,0,0,0,0,0,0,0,0,0,0,0,0,0],"count":10}}}"
"{"BSSID":"bc:f6:85:fa:37:41","HexSSID":"0x776966692d79737475","SSID":"wifi-ystu","capabilities":"[ESS]","distanceCm":-1,"distanceSdCm":-1,"frequency":2462,"level":-83,"timestamp":1463191780.531,"tsf":50975066385,"wifiSsid":{"SSID":"wifi-ystu","asciiBytes":9,"octets":{"buf":[119,105,102,105,45,121,115,116,117,0,0,0,0,0,0,0,0,0,0,0,0,0,0,0,0,0,0,0,0,0,0,0],"count":9}}}"
"{"BSSID":"c4:0a:cb:5c:d6:30","HexSSID":"0x73747564656e7473","SSID":"students","capabilities":"[ESS]","distanceCm":-1,"distanceSdCm":-1,"frequency":2422,"level":-89,"timestamp":1463191780.543,"tsf":50975067076,"wifiSsid":{"SSID":"students","asciiBytes":8,"octets":{"buf":[115,116,117,100,101,110,116,115,0,0,0,0,0,0,0,0,0,0,0,0,0,0,0,0,0,0,0,0,0,0,0,0],"count":8}}}"
"{"BSSID":"bc:f6:85:fa:37:e1","HexSSID":"0x776966692d79737475","SSID":"wifi-ystu","capabilities":"[ESS]","distanceCm":-1,"distanceSdCm":-1,"frequency":2462,"level":-89,"timestamp":1463191780.545,"tsf":50975067626,"wifiSsid":{"SSID":"wifi-ystu","asciiBytes":9,"octets":{"buf":[119,105,102,105,45,121,115,116,117,0,0,0,0,0,0,0,0,0,0,0,0,0,0,0,0,0,0,0,0,0,0,0],"count":9}}}"
"{"BSSID":"bc:f6:85:fa:3a:a1","HexSSID":"0x776966692d79737475","SSID":"wifi-ystu","capabilities":"[ESS]","distanceCm":-1,"distanceSdCm":-1,"frequency":2462,"level":-89,"timestamp":1463191780.551,"tsf":50975068382,"wifiSsid":{"SSID":"wifi-ystu","asciiBytes":9,"octets":{"buf":[119,105,102,105,45,121,115,116,117,0,0,0,0,0,0,0,0,0,0,0,0,0,0,0,0,0,0,0,0,0,0,0],"count":9}}}"
"{"BSSID":"04:18:d6:f4:e1:f4","HexSSID":"0x","SSID":"","capabilities":"[WPA2-PSK-CCMP][ESS]","distanceCm":-1,"distanceSdCm":-1,"frequency":2447,"level":-71,"timestamp":1463191780.557,"tsf":50975068861,"wifiSsid":{"SSID":"","asciiBytes":0,"octets":{"buf":[0,0,0,0,0,0,0,0,0,0,0,0,0,0,0,0,0,0,0,0,0,0,0,0,0,0,0,0,0,0,0,0],"count":0}}}"
"{"BSSID":"00:04:56:cb:f8:92","HexSSID":"0x7461746e656674","SSID":"tatneft","capabilities":"[WPA2-PSK-CCMP][ESS]","distanceCm":-1,"distanceSdCm":-1,"frequency":5220,"level":-86,"timestamp":1463191780.558,"tsf":50975069060,"wifiSsid":{"SSID":"tatneft","asciiBytes":7,"octets":{"buf":[116,97,116,110,101,102,116,0,0,0,0,0,0,0,0,0,0,0,0,0,0,0,0,0,0,0,0,0,0,0,0,0],"count":7}}}"
"{"BSSID":"4c:5e:0c:ff:92:cb","HexSSID":"0x","SSID":"","capabilities":"[ESS]","distanceCm":-1,"distanceSdCm":-1,"frequency":5300,"level":-84,"timestamp":1463191780.562,"tsf":50975069468,"wifiSsid":{"SSID":"","asciiBytes":0,"octets":{"buf":[0,0,0,0,0,0,0,0,0,0,0,0,0,0,0,0,0,0,0,0,0,0,0,0,0,0,0,0,0,0,0,0],"count":0}}}"
"{"BSSID":"4c:5e:0c:58:42:8f","HexSSID":"0x","SSID":"","capabilities":"[ESS]","distanceCm":-1,"distanceSdCm":-1,"frequency":5785,"level":-85,"timestamp":1463191780.564,"tsf":50975069574,"wifiSsid":{"SSID":"","asciiBytes":0,"octets":{"buf":[0,0,0,0,0,0,0,0,0,0,0,0,0,0,0,0,0,0,0,0,0,0,0,0,0,0,0,0,0,0,0,0],"count":0}}}"
"{"BSSID":"d4:21:22:5b:13:0e","HexSSID":"0x536d6172745f626f782d313830","SSID":"Smart_box-180","capabilities":"[WPA-PSK-TKIP][WPA2-PSK-CCMP][WPS][ESS]","distanceCm":-1,"distanceSdCm":-1,"frequency":2417,"level":-86,"timestamp":1463191780.566,"tsf":50975069757,"wifiSsid":{"SSID":"Smart_box-180","asciiBytes":13,"octets":{"buf":[83,109,97,114,116,95,98,111,120,45,49,56,48,0,0,0,0,0,0,0,0,0,0,0,0,0,0,0,0,0,0,0],"count":13}}}"
"{"BSSID":"4c:5e:0c:55:21:81","HexSSID":"0x","SSID":"","capabilities":"[ESS]","distanceCm":-1,"distanceSdCm":-1,"frequency":5300,"level":-91,"timestamp":1463191780.571,"tsf":50975070371,"wifiSsid":{"SSID":"","asciiBytes":0,"octets":{"buf":[0,0,0,0,0,0,0,0,0,0,0,0,0,0,0,0,0,0,0,0,0,0,0,0,0,0,0,0,0,0,0,0],"count":0}}}"
"{"BSSID":"04:18:d6:f4:e1:f4","HexSSID":"0x","SSID":"","capabilities":"[WPA2-PSK-CCMP][ESS]","distanceCm":-1,"distanceSdCm":-1,"frequency":2447,"level":-71,"timestamp":1463191808.558,"tsf":51003097692,"wifiSsid":{"SSID":"","asciiBytes":0,"octets":{"buf":[0,0,0,0,0,0,0,0,0,0,0,0,0,0,0,0,0,0,0,0,0,0,0,0,0,0,0,0,0,0,0,0],"count":0}}}"
"{"BSSID":"00:04:56:cb:f8:92","HexSSID":"0x7461746e656674","SSID":"tatneft","capabilities":"[WPA2-PSK-CCMP][ESS]","distanceCm":-1,"distanceSdCm":-1,"frequency":5220,"level":-86,"timestamp":1463191808.559,"tsf":51003098019,"wifiSsid":{"SSID":"tatneft","asciiBytes":7,"octets":{"buf":[116,97,116,110,101,102,116,0,0,0,0,0,0,0,0,0,0,0,0,0,0,0,0,0,0,0,0,0,0,0,0,0],"count":7}}}"
"{"BSSID":"4c:5e:0c:ff:92:cb","HexSSID":"0x","SSID":"","capabilities":"[ESS]","distanceCm":-1,"distanceSdCm":-1,"frequency":5300,"level":-73,"timestamp":1463191808.56,"tsf":51003098563,"wifiSsid":{"SSID":"","asciiBytes":0,"octets":{"buf":[0,0,0,0,0,0,0,0,0,0,0,0,0,0,0,0,0,0,0,0,0,0,0,0,0,0,0,0,0,0,0,0],"count":0}}}"
"{"BSSID":"4c:5e:0c:58:42:8f","HexSSID":"0x","SSID":"","capabilities":"[ESS]","distanceCm":-1,"distanceSdCm":-1,"frequency":5785,"level":-85,"timestamp":1463191808.567,"tsf":51003098673,"wifiSsid":{"SSID":"","asciiBytes":0,"octets":{"buf":[0,0,0,0,0,0,0,0,0,0,0,0,0,0,0,0,0,0,0,0,0,0,0,0,0,0,0,0,0,0,0,0],"count":0}}}"
"{"BSSID":"d4:21:22:5b:13:0e","HexSSID":"0x536d6172745f626f782d313830","SSID":"Smart_box-180","capabilities":"[WPA-PSK-TKIP][WPA2-PSK-CCMP][WPS][ESS]","distanceCm":-1,"distanceSdCm":-1,"frequency":2417,"level":-86,"timestamp":1463191808.569,"tsf":51003098856,"wifiSsid":{"SSID":"Smart_box-180","asciiBytes":13,"octets":{"buf":[83,109,97,114,116,95,98,111,120,45,49,56,48,0,0,0,0,0,0,0,0,0,0,0,0,0,0,0,0,0,0,0],"count":13}}}"
"{"BSSID":"4c:5e:0c:55:21:81","HexSSID":"0x","SSID":"","capabilities":"[ESS]","distanceCm":-1,"distanceSdCm":-1,"frequency":5300,"level":-91,"timestamp":1463191808.578,"tsf":51003099531,"wifiSsid":{"SSID":"","asciiBytes":0,"octets":{"buf":[0,0,0,0,0,0,0,0,0,0,0,0,0,0,0,0,0,0,0,0,0,0,0,0,0,0,0,0,0,0,0,0],"count":0}}}"
"{"BSSID":"24:a4:3c:4a:25:9d","HexSSID":"0x6d666d6f736b313633","SSID":"mfmosk163","capabilities":"[WPA2-PSK-CCMP][ESS]","distanceCm":-1,"distanceSdCm":-1,"frequency":2457,"level":-70,"timestamp":1463191808.579,"tsf":51003099711,"wifiSsid":{"SSID":"mfmosk163","asciiBytes":9,"octets":{"buf":[109,102,109,111,115,107,49,54,51,0,0,0,0,0,0,0,0,0,0,0,0,0,0,0,0,0,0,0,0,0,0,0],"count":9}}}"
"{"BSSID":"54:b8:0a:3a:36:18","HexSSID":"0x44697879","SSID":"Dixy","capabilities":"[WPA2-EAP-TKIP-preauth][ESS]","distanceCm":-1,"distanceSdCm":-1,"frequency":2462,"level":-86,"timestamp":1463191808.58,"tsf":51003100296,"wifiSsid":{"SSID":"Dixy","asciiBytes":4,"octets":{"buf":[68,105,120,121,0,0,0,0,0,0,0,0,0,0,0,0,0,0,0,0,0,0,0,0,0,0,0,0,0,0,0,0],"count":4}}}"
"{"BSSID":"4c:5e:0c:ff:92:cb","HexSSID":"0x","SSID":"","capabilities":"[ESS]","distanceCm":-1,"distanceSdCm":-1,"frequency":5300,"level":-73,"timestamp":1463191903.518,"tsf":51098063891,"wifiSsid":{"SSID":"","asciiBytes":0,"octets":{"buf":[0,0,0,0,0,0,0,0,0,0,0,0,0,0,0,0,0,0,0,0,0,0,0,0,0,0,0,0,0,0,0,0],"count":0}}}"
"{"BSSID":"24:a4:3c:4a:25:9d","HexSSID":"0x6d666d6f736b313633","SSID":"mfmosk163","capabilities":"[WPA2-PSK-CCMP][ESS]","distanceCm":-1,"distanceSdCm":-1,"frequency":2457,"level":-70,"timestamp":1463191903.525,"tsf":51098064183,"wifiSsid":{"SSID":"mfmosk163","asciiBytes":9,"octets":{"buf":[109,102,109,111,115,107,49,54,51,0,0,0,0,0,0,0,0,0,0,0,0,0,0,0,0,0,0,0,0,0,0,0],"count":9}}}"
"{"BSSID":"54:b8:0a:3a:36:18","HexSSID":"0x44697879","SSID":"Dixy","capabilities":"[WPA2-EAP-TKIP-preauth][ESS]","distanceCm":-1,"distanceSdCm":-1,"frequency":2462,"level":-86,"timestamp":1463191903.526,"tsf":51098064795,"wifiSsid":{"SSID":"Dixy","asciiBytes":4,"octets":{"buf":[68,105,120,121,0,0,0,0,0,0,0,0,0,0,0,0,0,0,0,0,0,0,0,0,0,0,0,0,0,0,0,0],"count":4}}}"
"{"BSSID":"20:0b:c7:2a:54:d0","HexSSID":"0x47504e426f6e7573","SSID":"GPNBonus","capabilities":"[ESS]","distanceCm":-1,"distanceSdCm":-1,"frequency":2437,"level":-81,"timestamp":1463191903.526,"tsf":51098065155,"wifiSsid":{"SSID":"GPNBonus","asciiBytes":8,"octets":{"buf":[71,80,78,66,111,110,117,115,0,0,0,0,0,0,0,0,0,0,0,0,0,0,0,0,0,0,0,0,0,0,0,0],"count":8}}}"
"{"BSSID":"20:0b:c7:2a:54:d0","HexSSID":"0x47504e426f6e7573","SSID":"GPNBonus","capabilities":"[ESS]","distanceCm":-1,"distanceSdCm":-1,"frequency":2437,"level":-76,"timestamp":1463191935.846,"tsf":51130392527,"wifiSsid":{"SSID":"GPNBonus","asciiBytes":8,"octets":{"buf":[71,80,78,66,111,110,117,115,0,0,0,0,0,0,0,0,0,0,0,0,0,0,0,0,0,0,0,0,0,0,0,0],"count":8}}}"
"{"BSSID":"20:0b:c7:2a:54:d0","HexSSID":"0x47504e426f6e7573","SSID":"GPNBonus","capabilities":"[ESS]","distanceCm":-1,"distanceSdCm":-1,"frequency":2437,"level":-76,"timestamp":1463191990.596,"tsf":51185145343,"wifiSsid":{"SSID":"GPNBonus","asciiBytes":8,"octets":{"buf":[71,80,78,66,111,110,117,115,0,0,0,0,0,0,0,0,0,0,0,0,0,0,0,0,0,0,0,0,0,0,0,0],"count":8}}}"
"{"BSSID":"00:40:96:49:c1:2c","HexSSID":"0x000000000000","SSID":"","capabilities":"[ESS]","distanceCm":-1,"distanceSdCm":-1,"frequency":2412,"level":-86,"timestamp":1463191990.597,"tsf":51185145958,"wifiSsid":{"SSID":"\\x00\\x00\\x00\\x00\\x00\\x00","asciiBytes":0,"octets":{"buf":[0,0,0,0,0,0,0,0,0,0,0,0,0,0,0,0,0,0,0,0,0,0,0,0,0,0,0,0,0,0,0,0],"count":6}}}"
"{"BSSID":"20:0b:c7:2a:54:d0","HexSSID":"0x47504e426f6e7573","SSID":"GPNBonus","capabilities":"[ESS]","distanceCm":-1,"distanceSdCm":-1,"frequency":2437,"level":-77,"timestamp":1463192048.552,"tsf":51243097156,"wifiSsid":{"SSID":"GPNBonus","asciiBytes":8,"octets":{"buf":[71,80,78,66,111,110,117,115,0,0,0,0,0,0,0,0,0,0,0,0,0,0,0,0,0,0,0,0,0,0,0,0],"count":8}}}"
"{"BSSID":"00:40:96:49:c1:2c","HexSSID":"0x000000000000","SSID":"","capabilities":"[ESS]","distanceCm":-1,"distanceSdCm":-1,"frequency":2412,"level":-86,"timestamp":1463192048.552,"tsf":51243097797,"wifiSsid":{"SSID":"\\x00\\x00\\x00\\x00\\x00\\x00","asciiBytes":0,"octets":{"buf":[0,0,0,0,0,0,0,0,0,0,0,0,0,0,0,0,0,0,0,0,0,0,0,0,0,0,0,0,0,0,0,0],"count":6}}}"
"{"BSSID":"20:0b:c7:2a:54:d0","HexSSID":"0x47504e426f6e7573","SSID":"GPNBonus","capabilities":"[ESS]","distanceCm":-1,"distanceSdCm":-1,"frequency":2437,"level":-78,"timestamp":1463192108.08,"tsf":51302625727,"wifiSsid":{"SSID":"GPNBonus","asciiBytes":8,"octets":{"buf":[71,80,78,66,111,110,117,115,0,0,0,0,0,0,0,0,0,0,0,0,0,0,0,0,0,0,0,0,0,0,0,0],"count":8}}}"
"{"BSSID":"20:0b:c7:2a:54:d0","HexSSID":"0x47504e426f6e7573","SSID":"GPNBonus","capabilities":"[ESS]","distanceCm":-1,"distanceSdCm":-1,"frequency":2437,"level":-77,"timestamp":1463192168.537,"tsf":51363083334,"wifiSsid":{"SSID":"GPNBonus","asciiBytes":8,"octets":{"buf":[71,80,78,66,111,110,117,115,0,0,0,0,0,0,0,0,0,0,0,0,0,0,0,0,0,0,0,0,0,0,0,0],"count":8}}}"
"{"BSSID":"20:0b:c7:2a:54:d0","HexSSID":"0x47504e426f6e7573","SSID":"GPNBonus","capabilities":"[ESS]","distanceCm":-1,"distanceSdCm":-1,"frequency":2437,"level":-77,"timestamp":1463192261.692,"tsf":51456240252,"wifiSsid":{"SSID":"GPNBonus","asciiBytes":8,"octets":{"buf":[71,80,78,66,111,110,117,115,0,0,0,0,0,0,0,0,0,0,0,0,0,0,0,0,0,0,0,0,0,0,0,0],"count":8}}}"
"{"BSSID":"ec:1d:7f:c9:96:ce","HexSSID":"0x3234313254415849","SSID":"2412TAXI","capabilities":"[WPA2-PSK-CCMP][WPS][ESS]","distanceCm":-1,"distanceSdCm":-1,"frequency":2432,"level":-79,"timestamp":1463192346.172,"tsf":51540717753,"wifiSsid":{"SSID":"2412TAXI","asciiBytes":8,"octets":{"buf":[50,52,49,50,84,65,88,73,0,0,0,0,0,0,0,0,0,0,0,0,0,0,0,0,0,0,0,0,0,0,0,0],"count":8}}}"
"{"BSSID":"20:0b:c7:2a:54:d0","HexSSID":"0x47504e426f6e7573","SSID":"GPNBonus","capabilities":"[ESS]","distanceCm":-1,"distanceSdCm":-1,"frequency":2437,"level":-89,"timestamp":1463192346.174,"tsf":51540718473,"wifiSsid":{"SSID":"GPNBonus","asciiBytes":8,"octets":{"buf":[71,80,78,66,111,110,117,115,0,0,0,0,0,0,0,0,0,0,0,0,0,0,0,0,0,0,0,0,0,0,0,0],"count":8}}}"
"{"BSSID":"ec:1d:7f:c9:96:ce","HexSSID":"0x3234313254415849","SSID":"2412TAXI","capabilities":"[WPA2-PSK-CCMP][WPS][ESS]","distanceCm":-1,"distanceSdCm":-1,"frequency":2432,"level":-75,"timestamp":1463192409.499,"tsf":51604037316,"wifiSsid":{"SSID":"2412TAXI","asciiBytes":8,"octets":{"buf":[50,52,49,50,84,65,88,73,0,0,0,0,0,0,0,0,0,0,0,0,0,0,0,0,0,0,0,0,0,0,0,0],"count":8}}}"
"{"BSSID":"4c:5e:0c:ff:92:cb","HexSSID":"0x","SSID":"","capabilities":"[ESS]","distanceCm":-1,"distanceSdCm":-1,"frequency":5300,"level":-81,"timestamp":1463192409.5,"tsf":51604038855,"wifiSsid":{"SSID":"","asciiBytes":0,"octets":{"buf":[0,0,0,0,0,0,0,0,0,0,0,0,0,0,0,0,0,0,0,0,0,0,0,0,0,0,0,0,0,0,0,0],"count":0}}}"
"{"BSSID":"c0:4a:00:61:4b:58","HexSSID":"0x787838347878","SSID":"xx84xx","capabilities":"[ESS]","distanceCm":-1,"distanceSdCm":-1,"frequency":2442,"level":-89,"timestamp":1463192469.531,"tsf":51664066316,"wifiSsid":{"SSID":"xx84xx","asciiBytes":6,"octets":{"buf":[120,120,56,52,120,120,0,0,0,0,0,0,0,0,0,0,0,0,0,0,0,0,0,0,0,0,0,0,0,0,0,0],"count":6}}}"
"{"BSSID":"68:72:51:12:ca:ad","HexSSID":"0x","SSID":"","capabilities":"[ESS]","distanceCm":-1,"distanceSdCm":-1,"frequency":2462,"level":-59,"timestamp":1463192529.448,"tsf":51723977754,"wifiSsid":{"SSID":"","asciiBytes":0,"octets":{"buf":[0,0,0,0,0,0,0,0,0,0,0,0,0,0,0,0,0,0,0,0,0,0,0,0,0,0,0,0,0,0,0,0],"count":0}}}"
"{"BSSID":"00:27:22:72:b3:66","HexSSID":"0x7472616b6c616966","SSID":"traklaif","capabilities":"[WPA2-PSK-CCMP][ESS]","distanceCm":-1,"distanceSdCm":-1,"frequency":5220,"level":-86,"timestamp":1463192529.451,"tsf":51723977980,"wifiSsid":{"SSID":"traklaif","asciiBytes":8,"octets":{"buf":[116,114,97,107,108,97,105,102,0,0,0,0,0,0,0,0,0,0,0,0,0,0,0,0,0,0,0,0,0,0,0,0],"count":8}}}"
"{"BSSID":"e2:f5:28:66:0f:7c","HexSSID":"0x53544f2d31","SSID":"STO-1","capabilities":"[WPA-PSK-CCMP+TKIP][WPA2-PSK-CCMP+TKIP][ESS]","distanceCm":-1,"distanceSdCm":-1,"frequency":2457,"level":-88,"timestamp":1463192529.456,"tsf":51723978561,"wifiSsid":{"SSID":"STO-1","asciiBytes":5,"octets":{"buf":[83,84,79,45,49,0,0,0,0,0,0,0,0,0,0,0,0,0,0,0,0,0,0,0,0,0,0,0,0,0,0,0],"count":5}}}"
"{"BSSID":"d6:ca:6d:58:4a:c5","HexSSID":"0x5465726d696e616c","SSID":"Terminal","capabilities":"[WPA-PSK-CCMP][WPA2-PSK-CCMP][ESS]","distanceCm":-1,"distanceSdCm":-1,"frequency":2412,"level":-73,"timestamp":1463192529.457,"tsf":51723979003,"wifiSsid":{"SSID":"Terminal","asciiBytes":8,"octets":{"buf":[84,101,114,109,105,110,97,108,0,0,0,0,0,0,0,0,0,0,0,0,0,0,0,0,0,0,0,0,0,0,0,0],"count":8}}}"
"{"BSSID":"d6:ca:6d:58:4a:c3","HexSSID":"0x4954","SSID":"IT","capabilities":"[WPA-PSK-CCMP][WPA2-PSK-CCMP][ESS]","distanceCm":-1,"distanceSdCm":-1,"frequency":2412,"level":-74,"timestamp":1463192529.458,"tsf":51723979564,"wifiSsid":{"SSID":"IT","asciiBytes":2,"octets":{"buf":[73,84,0,0,0,0,0,0,0,0,0,0,0,0,0,0,0,0,0,0,0,0,0,0,0,0,0,0,0,0,0,0],"count":2}}}"
"{"BSSID":"d6:ca:6d:58:4a:c4","HexSSID":"0x546f796f74614d6f746f7273","SSID":"ToyotaMotors","capabilities":"[WPA-PSK-CCMP][WPA2-PSK-CCMP][ESS]","distanceCm":-1,"distanceSdCm":-1,"frequency":2412,"level":-74,"timestamp":1463192529.458,"tsf":51723979844,"wifiSsid":{"SSID":"ToyotaMotors","asciiBytes":12,"octets":{"buf":[84,111,121,111,116,97,77,111,116,111,114,115,0,0,0,0,0,0,0,0,0,0,0,0,0,0,0,0,0,0,0,0],"count":12}}}"
"{"BSSID":"d4:ca:6d:58:4a:c2","HexSSID":"0x","SSID":"","capabilities":"[ESS]","distanceCm":-1,"distanceSdCm":-1,"frequency":2412,"level":-73,"timestamp":1463192529.459,"tsf":51723980492,"wifiSsid":{"SSID":"","asciiBytes":0,"octets":{"buf":[0,0,0,0,0,0,0,0,0,0,0,0,0,0,0,0,0,0,0,0,0,0,0,0,0,0,0,0,0,0,0,0],"count":0}}}"
"{"BSSID":"d6:ca:6d:58:4a:c2","HexSSID":"0x467265655f57694669","SSID":"Free_WiFi","capabilities":"[ESS]","distanceCm":-1,"distanceSdCm":-1,"frequency":2412,"level":-73,"timestamp":1463192529.459,"tsf":51723980632,"wifiSsid":{"SSID":"Free_WiFi","asciiBytes":9,"octets":{"buf":[70,114,101,101,95,87,105,70,105,0,0,0,0,0,0,0,0,0,0,0,0,0,0,0,0,0,0,0,0,0,0,0],"count":9}}}"
"{"BSSID":"c0:4a:00:61:4b:58","HexSSID":"0x787838347878","SSID":"xx84xx","capabilities":"[ESS]","distanceCm":-1,"distanceSdCm":-1,"frequency":2442,"level":-89,"timestamp":1463192589.381,"tsf":51783930670,"wifiSsid":{"SSID":"xx84xx","asciiBytes":6,"octets":{"buf":[120,120,56,52,120,120,0,0,0,0,0,0,0,0,0,0,0,0,0,0,0,0,0,0,0,0,0,0,0,0,0,0],"count":6}}}"
"{"BSSID":"40:4a:03:a8:f4:8d","HexSSID":"0x4175746f6d6f62696c6979614d382d32","SSID":"AutomobiliyaM8-2","capabilities":"[WPA-PSK-TKIP][WPS][ESS]","distanceCm":-1,"distanceSdCm":-1,"frequency":2417,"level":-84,"timestamp":1463192653.423,"tsf":51847962090,"wifiSsid":{"SSID":"AutomobiliyaM8-2","asciiBytes":16,"octets":{"buf":[65,117,116,111,109,111,98,105,108,105,121,97,77,56,45,50,0,0,0,0,0,0,0,0,0,0,0,0,0,0,0,0],"count":16}}}"
"{"BSSID":"1c:b7:2c:7e:de:70","HexSSID":"0x6d6f746f7465636863656e7472","SSID":"mototechcentr","capabilities":"[WPA2-PSK-CCMP][WPS][ESS]","distanceCm":-1,"distanceSdCm":-1,"frequency":2437,"level":-86,"timestamp":1463192653.424,"tsf":51847964433,"wifiSsid":{"SSID":"mototechcentr","asciiBytes":13,"octets":{"buf":[109,111,116,111,116,101,99,104,99,101,110,116,114,0,0,0,0,0,0,0,0,0,0,0,0,0,0,0,0,0,0,0],"count":13}}}"
"{"BSSID":"24:a4:3c:b6:96:5b","HexSSID":"0x","SSID":"","capabilities":"[ESS]","distanceCm":-1,"distanceSdCm":-1,"frequency":2412,"level":-84,"timestamp":1463193626.155,"tsf":52819367621,"wifiSsid":{"SSID":"","asciiBytes":0,"octets":{"buf":[0,0,0,0,0,0,0,0,0,0,0,0,0,0,0,0,0,0,0,0,0,0,0,0,0,0,0,0,0,0,0,0],"count":0}}}"
"{"BSSID":"14:a9:e3:02:9a:6a","HexSSID":"0x524f5354454c45434f4d5f46524545504f52545f303239413641","SSID":"ROSTELECOM_FREEPORT_029A6A","capabilities":"[WPA2-PSK-CCMP][WPS][ESS]","distanceCm":-1,"distanceSdCm":-1,"frequency":2412,"level":-86,"timestamp":1463193808.358,"tsf":53001548790,"wifiSsid":{"SSID":"ROSTELECOM_FREEPORT_029A6A","asciiBytes":26,"octets":{"buf":[82,79,83,84,69,76,69,67,79,77,95,70,82,69,69,80,79,82,84,95,48,50,57,65,54,65,0,0,0,0,0,0],"count":26}}}"
"{"BSSID":"14:cc:20:c0:6e:86","HexSSID":"0x54502d4c494e4b5f433036453836","SSID":"TP-LINK_C06E86","capabilities":"[WPA2-PSK-CCMP][WPS][ESS]","distanceCm":-1,"distanceSdCm":-1,"frequency":2447,"level":-84,"timestamp":1463193808.358,"tsf":53001553312,"wifiSsid":{"SSID":"TP-LINK_C06E86","asciiBytes":14,"octets":{"buf":[84,80,45,76,73,78,75,95,67,48,54,69,56,54,0,0,0,0,0,0,0,0,0,0,0,0,0,0,0,0,0,0],"count":14}}}"
"{"BSSID":"14:cc:20:c0:6e:90","HexSSID":"0x54502d4c494e4b5f433036453930","SSID":"TP-LINK_C06E90","capabilities":"[WPA2-PSK-CCMP][WPS][ESS]","distanceCm":-1,"distanceSdCm":-1,"frequency":2447,"level":-84,"timestamp":1463193808.359,"tsf":53001554426,"wifiSsid":{"SSID":"TP-LINK_C06E90","asciiBytes":14,"octets":{"buf":[84,80,45,76,73,78,75,95,67,48,54,69,57,48,0,0,0,0,0,0,0,0,0,0,0,0,0,0,0,0,0,0],"count":14}}}"
"{"BSSID":"c0:4a:00:bb:a6:d4","HexSSID":"0x547269636f6c6f72536572766572","SSID":"TricolorServer","capabilities":"[WPA2-PSK-CCMP][ESS]","distanceCm":-1,"distanceSdCm":-1,"frequency":2437,"level":-87,"timestamp":1463193808.36,"tsf":53001555789,"wifiSsid":{"SSID":"TricolorServer","asciiBytes":14,"octets":{"buf":[84,114,105,99,111,108,111,114,83,101,114,118,101,114,0,0,0,0,0,0,0,0,0,0,0,0,0,0,0,0,0,0],"count":14}}}"
"{"BSSID":"a8:a6:68:f1:df:63","HexSSID":"0x4d54533833335f463144463633","SSID":"MTS833_F1DF63","capabilities":"[WPA-PSK-CCMP+TKIP][WPA2-PSK-CCMP+TKIP][ESS]","distanceCm":-1,"distanceSdCm":-1,"frequency":2412,"level":-78,"timestamp":1463193928.562,"tsf":53121763456,"wifiSsid":{"SSID":"MTS833_F1DF63","asciiBytes":13,"octets":{"buf":[77,84,83,56,51,51,95,70,49,68,70,54,51,0,0,0,0,0,0,0,0,0,0,0,0,0,0,0,0,0,0,0],"count":13}}}"
"{"BSSID":"24:a4:3c:fe:11:7c","HexSSID":"0x","SSID":"","capabilities":"[ESS]","distanceCm":-1,"distanceSdCm":-1,"frequency":5500,"level":-83,"timestamp":1463194254.675,"tsf":53447885012,"wifiSsid":{"SSID":"","asciiBytes":0,"octets":{"buf":[0,0,0,0,0,0,0,0,0,0,0,0,0,0,0,0,0,0,0,0,0,0,0,0,0,0,0,0,0,0,0,0],"count":0}}}"
"{"BSSID":"68:72:51:34:15:71","HexSSID":"0x","SSID":"","capabilities":"[ESS]","distanceCm":-1,"distanceSdCm":-1,"frequency":2462,"level":-80,"timestamp":1463194352.086,"tsf":53545206668,"wifiSsid":{"SSID":"","asciiBytes":0,"octets":{"buf":[0,0,0,0,0,0,0,0,0,0,0,0,0,0,0,0,0,0,0,0,0,0,0,0,0,0,0,0,0,0,0,0],"count":0}}}"
"{"BSSID":"e4:8d:8c:b5:d4:73","HexSSID":"0x","SSID":"","capabilities":"[ESS]","distanceCm":-1,"distanceSdCm":-1,"frequency":5180,"level":-87,"timestamp":1463194352.089,"tsf":53545206836,"wifiSsid":{"SSID":"","asciiBytes":0,"octets":{"buf":[0,0,0,0,0,0,0,0,0,0,0,0,0,0,0,0,0,0,0,0,0,0,0,0,0,0,0,0,0,0,0,0],"count":0}}}"
"{"BSSID":"00:27:22:68:35:72","HexSSID":"0x52504b5f75626e74","SSID":"RPK_ubnt","capabilities":"[WPA2-PSK-CCMP][ESS]","distanceCm":-1,"distanceSdCm":-1,"frequency":2472,"level":-74,"timestamp":1463194352.09,"tsf":53545215698,"wifiSsid":{"SSID":"RPK_ubnt","asciiBytes":8,"octets":{"buf":[82,80,75,95,117,98,110,116,0,0,0,0,0,0,0,0,0,0,0,0,0,0,0,0,0,0,0,0,0,0,0,0],"count":8}}}"
"{"BSSID":"90:94:e4:31:3e:1c","HexSSID":"0x4d795f57495f4649","SSID":"My_WI_FI","capabilities":"[WPA-PSK-CCMP][WPA2-PSK-CCMP][ESS]","distanceCm":-1,"distanceSdCm":-1,"frequency":2442,"level":-84,"timestamp":1463194352.09,"tsf":53545216557,"wifiSsid":{"SSID":"My_WI_FI","asciiBytes":8,"octets":{"buf":[77,121,95,87,73,95,70,73,0,0,0,0,0,0,0,0,0,0,0,0,0,0,0,0,0,0,0,0,0,0,0,0],"count":8}}}"
"{"BSSID":"e4:8d:8c:b5:d4:73","HexSSID":"0x","SSID":"","capabilities":"[ESS]","distanceCm":-1,"distanceSdCm":-1,"frequency":5180,"level":-82,"timestamp":1463194412.315,"tsf":53605519517,"wifiSsid":{"SSID":"","asciiBytes":0,"octets":{"buf":[0,0,0,0,0,0,0,0,0,0,0,0,0,0,0,0,0,0,0,0,0,0,0,0,0,0,0,0,0,0,0,0],"count":0}}}"
"{"BSSID":"a8:f9:4b:b0:a9:f0","HexSSID":"0x5641505f52504b","SSID":"VAP_RPK","capabilities":"[WPA-PSK-CCMP+TKIP][WPA2-PSK-CCMP+TKIP][ESS]","distanceCm":-1,"distanceSdCm":-1,"frequency":5260,"level":-86,"timestamp":1463194412.316,"tsf":53605519740,"wifiSsid":{"SSID":"VAP_RPK","asciiBytes":7,"octets":{"buf":[86,65,80,95,82,80,75,0,0,0,0,0,0,0,0,0,0,0,0,0,0,0,0,0,0,0,0,0,0,0,0,0],"count":7}}}"
"{"BSSID":"a8:f9:4b:b0:a9:e0","HexSSID":"0x5641505f52504b","SSID":"VAP_RPK","capabilities":"[WPA-PSK-CCMP+TKIP][WPA2-PSK-CCMP+TKIP][WPS][ESS]","distanceCm":-1,"distanceSdCm":-1,"frequency":5240,"level":-90,"timestamp":1463194412.317,"tsf":53605520277,"wifiSsid":{"SSID":"VAP_RPK","asciiBytes":7,"octets":{"buf":[86,65,80,95,82,80,75,0,0,0,0,0,0,0,0,0,0,0,0,0,0,0,0,0,0,0,0,0,0,0,0,0],"count":7}}}"
"{"BSSID":"4c:5e:0c:69:69:41","HexSSID":"0x","SSID":"","capabilities":"[ESS]","distanceCm":-1,"distanceSdCm":-1,"frequency":5200,"level":-89,"timestamp":1463194412.317,"tsf":53605520810,"wifiSsid":{"SSID":"","asciiBytes":0,"octets":{"buf":[0,0,0,0,0,0,0,0,0,0,0,0,0,0,0,0,0,0,0,0,0,0,0,0,0,0,0,0,0,0,0,0],"count":0}}}"
"{"BSSID":"30:b5:c2:ab:13:3c","HexSSID":"0x417664","SSID":"Avd","capabilities":"[WPA-PSK-CCMP+TKIP][WPS][ESS]","distanceCm":-1,"distanceSdCm":-1,"frequency":2412,"level":-79,"timestamp":1463194412.318,"tsf":53605520974,"wifiSsid":{"SSID":"Avd","asciiBytes":3,"octets":{"buf":[65,118,100,0,0,0,0,0,0,0,0,0,0,0,0,0,0,0,0,0,0,0,0,0,0,0,0,0,0,0,0,0],"count":3}}}"
"{"BSSID":"ac:22:0b:7d:4e:fc","HexSSID":"0x41535553353535","SSID":"ASUS555","capabilities":"[WPA-PSK-CCMP+TKIP][WPA2-PSK-CCMP+TKIP][ESS]","distanceCm":-1,"distanceSdCm":-1,"frequency":2447,"level":-79,"timestamp":1463194412.319,"tsf":53605521314,"wifiSsid":{"SSID":"ASUS555","asciiBytes":7,"octets":{"buf":[65,83,85,83,53,53,53,0,0,0,0,0,0,0,0,0,0,0,0,0,0,0,0,0,0,0,0,0,0,0,0,0],"count":7}}}"
"{"BSSID":"04:8d:38:08:f7:61","HexSSID":"0x6e65746973","SSID":"netis","capabilities":"[WPA-PSK-TKIP][WPA2-PSK-CCMP][ESS]","distanceCm":-1,"distanceSdCm":-1,"frequency":2452,"level":-85,"timestamp":1463194412.319,"tsf":53605521844,"wifiSsid":{"SSID":"netis","asciiBytes":5,"octets":{"buf":[110,101,116,105,115,0,0,0,0,0,0,0,0,0,0,0,0,0,0,0,0,0,0,0,0,0,0,0,0,0,0,0],"count":5}}}"
"{"BSSID":"54:a0:50:70:df:cc","HexSSID":"0x41535553203236","SSID":"ASUS 26","capabilities":"[WPA2-PSK-CCMP][ESS]","distanceCm":-1,"distanceSdCm":-1,"frequency":2437,"level":-87,"timestamp":1463194412.32,"tsf":53605522277,"wifiSsid":{"SSID":"ASUS 26","asciiBytes":7,"octets":{"buf":[65,83,85,83,32,50,54,0,0,0,0,0,0,0,0,0,0,0,0,0,0,0,0,0,0,0,0,0,0,0,0,0],"count":7}}}"
"{"BSSID":"00:1a:2b:3c:ff:02","HexSSID":"0x41535553","SSID":"ASUS","capabilities":"[WPA-PSK-TKIP][WPA2-PSK-TKIP][WPS][ESS]","distanceCm":-1,"distanceSdCm":-1,"frequency":2437,"level":-89,"timestamp":1463194412.321,"tsf":53605522794,"wifiSsid":{"SSID":"ASUS","asciiBytes":4,"octets":{"buf":[65,83,85,83,0,0,0,0,0,0,0,0,0,0,0,0,0,0,0,0,0,0,0,0,0,0,0,0,0,0,0,0],"count":4}}}"
"{"BSSID":"68:72:51:34:15:71","HexSSID":"0x","SSID":"","capabilities":"[ESS]","distanceCm":-1,"distanceSdCm":-1,"frequency":2462,"level":-83,"timestamp":1463194412.324,"tsf":53605523182,"wifiSsid":{"SSID":"","asciiBytes":0,"octets":{"buf":[0,0,0,0,0,0,0,0,0,0,0,0,0,0,0,0,0,0,0,0,0,0,0,0,0,0,0,0,0,0,0,0],"count":0}}}"